Date,SP500,Note10y
29-Dec-00,1837.365,1.0307
02-Jan-01,1785.86,1.0456
03-Jan-01,1875.564,1.0279
04-Jan-01,1855.818,1.0368
05-Jan-01,1807.128,1.0455
08-Jan-01,1804.038,1.0443
09-Jan-01,1810.981,1.0407
10-Jan-01,1828.496,1.0334
11-Jan-01,1847.367,1.0325
12-Jan-01,1835.535,1.0217
16-Jan-01,1847.133,1.0241
17-Jan-01,1851.162,1.0286
18-Jan-01,1876.941,1.0335
19-Jan-01,1869.384,1.0293
22-Jan-01,1869.886,1.0255
23-Jan-01,1894.253,1.0215
24-Jan-01,1899.71,1.0200
25-Jan-01,1890.272,1.0248
26-Jan-01,1886.797,1.0227
29-Jan-01,1899.751,1.0205
30-Jan-01,1913.126,1.0267
31-Jan-01,1902.553,1.0350
01-Feb-01,1913.113,1.0373
02-Feb-01,1879.689,1.0320
05-Feb-01,1886.48,1.0314
06-Feb-01,1883.718,1.0309
07-Feb-01,1868.288,1.0285
08-Feb-01,1856.659,1.0308
09-Feb-01,1831.958,1.0350
12-Feb-01,1853.652,1.0330
13-Feb-01,1837.772,1.0322
14-Feb-01,1834.102,1.0260
15-Feb-01,1849.146,1.0253
16-Feb-01,1814.216,1.0302
20-Feb-01,1782.747,1.0305
21-Feb-01,1749.86,1.0281
22-Feb-01,1746.503,1.0273
23-Feb-01,1736.824,1.0312
26-Feb-01,1767.293,1.0364
27-Feb-01,1753.883,1.0425
28-Feb-01,1729.075,1.0477
01-Mar-01,1730.916,1.0482
02-Mar-01,1721.086,1.0428
05-Mar-01,1731.424,1.0408
06-Mar-01,1748.737,1.0423
07-Mar-01,1760.361,1.0481
08-Mar-01,1764.394,1.0469
09-Mar-01,1720.709,1.0446
12-Mar-01,1646.417,1.0486
13-Mar-01,1671.186,1.0458
14-Mar-01,1628.02,1.0539
15-Mar-01,1637.606,1.0569
16-Mar-01,1605.483,1.0584
19-Mar-01,1633.812,1.0557
20-Mar-01,1594.503,1.0605
21-Mar-01,1565.984,1.0591
22-Mar-01,1559.648,1.0623
23-Mar-01,1590.699,1.0585
26-Mar-01,1608.646,1.0543
27-Mar-01,1649.787,1.0440
28-Mar-01,1609.671,1.0470
29-Mar-01,1602.258,1.0448
30-Mar-01,1619.537,1.0521
02-Apr-01,1599.355,1.0479
03-Apr-01,1544.348,1.0518
04-Apr-01,1540.166,1.0526
05-Apr-01,1607.462,1.0482
06-Apr-01,1575.712,1.0552
09-Apr-01,1588.504,1.0524
10-Apr-01,1631.685,1.0404
11-Apr-01,1628.228,1.0370
12-Apr-01,1652.831,1.0324
16-Apr-01,1647.496,1.0280
17-Apr-01,1664.436,1.0307
18-Apr-01,1729.262,1.0364
19-Apr-01,1750.984,1.0246
20-Apr-01,1736.016,1.0254
23-Apr-01,1710.01,1.0345
24-Apr-01,1689.228,1.0322
25-Apr-01,1716.168,1.0287
26-Apr-01,1724.378,1.0342
27-Apr-01,1750.319,1.0241
30-Apr-01,1745.392,1.0232
01-May-01,1769.12,1.0271
02-May-01,1770.66,1.0273
03-May-01,1744.536,1.0334
04-May-01,1769.779,1.0335
07-May-01,1765.492,1.0353
08-May-01,1762.411,1.0315
09-May-01,1754.715,1.0377
10-May-01,1754.462,1.0277
11-May-01,1741.332,1.0163
14-May-01,1746.009,1.0182
15-May-01,1746.747,1.0126
16-May-01,1796.724,1.0166
17-May-01,1801.634,1.0206
18-May-01,1806.834,1.0209
21-May-01,1836.021,1.0232
22-May-01,1831.204,1.0214
23-May-01,1802.84,1.0226
24-May-01,1808.644,1.0147
25-May-01,1787.278,1.0148
29-May-01,1773.455,1.0134
30-May-01,1746.113,1.0147
31-May-01,1757.086,1.0246
01-Jun-01,1763.872,1.0258
04-Jun-01,1772.915,1.0279
05-Jun-01,1795.962,1.0335
06-Jun-01,1777.25,1.0350
07-Jun-01,1786.991,1.0300
08-Jun-01,1770.207,1.0275
11-Jun-01,1755.425,1.0333
12-Jun-01,1757.482,1.0363
13-Jun-01,1737.942,1.0355
14-Jun-01,1707.557,1.0387
15-Jun-01,1699.85,1.0377
18-Jun-01,1691.587,1.0366
19-Jun-01,1697.41,1.0383
20-Jun-01,1712.258,1.0408
21-Jun-01,1731.755,1.0438
22-Jun-01,1715.392,1.0479
25-Jun-01,1705.943,1.0478
26-Jun-01,1703.367,1.0405
27-Jun-01,1695.613,1.0390
28-Jun-01,1716.813,1.0323
29-Jun-01,1714.321,1.0268
02-Jul-01,1731.531,1.0341
03-Jul-01,1728.65,1.0294
05-Jul-01,1707.681,1.0285
06-Jul-01,1667.901,1.0315
09-Jul-01,1679.402,1.0346
10-Jul-01,1655.305,1.0394
11-Jul-01,1653.542,1.0373
12-Jul-01,1692.731,1.0421
13-Jul-01,1703.308,1.0434
16-Jul-01,1684.774,1.0482
17-Jul-01,1701.573,1.0454
18-Jul-01,1692.267,1.0540
19-Jul-01,1702.516,1.0531
20-Jul-01,1696.672,1.0517
23-Jul-01,1668.9,1.0539
24-Jul-01,1641.76,1.0539
25-Jul-01,1668.159,1.0482
26-Jul-01,1685.621,1.0521
27-Jul-01,1689.785,1.0546
30-Jul-01,1688.029,1.0571
31-Jul-01,1697.445,1.0582
01-Aug-01,1704.24,1.0577
02-Aug-01,1711.174,1.0513
03-Aug-01,1702.434,1.0505
06-Aug-01,1683.031,1.0523
07-Aug-01,1688.603,1.0511
08-Aug-01,1659.581,1.0604
09-Aug-01,1659.756,1.0566
10-Aug-01,1669.206,1.0607
13-Aug-01,1670.962,1.0618
14-Aug-01,1664.611,1.0610
15-Aug-01,1652.713,1.0590
16-Aug-01,1657.875,1.0637
17-Aug-01,1630.345,1.0725
20-Aug-01,1643.59,1.0679
21-Aug-01,1623.739,1.0710
22-Aug-01,1635.16,1.0682
23-Aug-01,1630.665,1.0698
24-Aug-01,1662.741,1.0669
27-Aug-01,1654.72,1.0672
28-Aug-01,1629.908,1.0737
29-Aug-01,1612.047,1.0795
30-Aug-01,1584.773,1.0762
31-Aug-01,1591.182,1.0745
04-Sep-01,1590.293,1.0651
05-Sep-01,1588.926,1.0647
06-Sep-01,1553.41,1.0719
07-Sep-01,1524.473,1.0793
10-Sep-01,1533.981,1.0755
21-Sep-01,1356.609,1.0826
24-Sep-01,1409.497,1.0830
25-Sep-01,1421.908,1.0911
26-Sep-01,1415.014,1.0974
27-Sep-01,1431.294,1.1041
28-Sep-01,1462.69,1.1014
01-Oct-01,1459.333,1.1063
02-Oct-01,1477.291,1.1091
03-Oct-01,1507.029,1.1122
04-Oct-01,1503.312,1.1091
05-Oct-01,1506.111,1.1097
09-Oct-01,1485.628,1.1024
10-Oct-01,1519.771,1.1022
11-Oct-01,1542.979,1.0969
12-Oct-01,1534.862,1.0965
15-Oct-01,1532.517,1.1027
16-Oct-01,1543.149,1.1062
17-Oct-01,1514.497,1.1057
18-Oct-01,1502.61,1.1054
19-Oct-01,1509.458,1.1018
22-Oct-01,1532.547,1.1004
23-Oct-01,1525.347,1.1001
24-Oct-01,1525.956,1.1044
25-Oct-01,1546.9,1.1082
26-Oct-01,1553.257,1.1106
29-Oct-01,1516.393,1.1146
30-Oct-01,1490.439,1.1210
31-Oct-01,1490.582,1.1364
01-Nov-01,1524.963,1.1362
02-Nov-01,1529.353,1.1252
05-Nov-01,1551.394,1.1315
06-Nov-01,1573.931,1.1354
07-Nov-01,1570.156,1.1419
08-Nov-01,1574.094,1.1329
09-Nov-01,1576.608,1.1311
13-Nov-01,1603.275,1.1256
14-Nov-01,1606.637,1.1124
15-Nov-01,1608.094,1.0919
16-Nov-01,1603.171,1.0864
19-Nov-01,1620.661,1.0909
20-Nov-01,1608.903,1.0852
21-Nov-01,1601.021,1.0779
23-Nov-01,1619.782,1.0748
26-Nov-01,1629.758,1.0742
27-Nov-01,1618.624,1.0821
28-Nov-01,1589.375,1.0819
29-Nov-01,1605.99,1.0960
30-Nov-01,1604.919,1.0964
03-Dec-01,1591.478,1.1021
04-Dec-01,1612.464,1.1047
05-Dec-01,1649.004,1.0852
06-Dec-01,1644.484,1.0759
07-Dec-01,1632.099,1.0640
10-Dec-01,1606.227,1.0695
11-Dec-01,1601.761,1.0735
12-Dec-01,1602.447,1.0773
13-Dec-01,1577.577,1.0721
14-Dec-01,1582.809,1.0630
17-Dec-01,1598.737,1.0637
18-Dec-01,1610.831,1.0690
19-Dec-01,1620.267,1.0753
20-Dec-01,1606.915,1.0768
21-Dec-01,1613.937,1.0723
24-Dec-01,1613.602,1.0682
26-Dec-01,1620.262,1.0641
27-Dec-01,1631.692,1.0748
28-Dec-01,1637.226,1.0713
31-Dec-01,1618.979,1.0774
02-Jan-02,1628.506,1.0684
03-Jan-02,1643.479,1.0725
04-Jan-02,1653.69,1.0711
07-Jan-02,1642.95,1.0780
08-Jan-02,1637.482,1.0754
09-Jan-02,1629.697,1.0778
10-Jan-02,1631.716,1.0841
11-Jan-02,1616.346,1.0929
14-Jan-02,1606.202,1.0923
15-Jan-02,1617.181,1.0959
16-Jan-02,1591.04,1.0962
17-Jan-02,1607.02,1.0889
18-Jan-02,1591.078,1.0919
22-Jan-02,1579.408,1.0906
23-Jan-02,1591.941,1.0818
24-Jan-02,1597.549,1.0833
25-Jan-02,1599.143,1.0788
28-Jan-02,1598.861,1.0788
29-Jan-02,1553.233,1.0892
30-Jan-02,1571.692,1.0842
31-Jan-02,1595.353,1.0823
01-Feb-02,1584.061,1.0871
04-Feb-02,1544.892,1.0934
05-Feb-02,1538.701,1.0943
06-Feb-02,1529.675,1.0921
07-Feb-02,1525.263,1.0900
08-Feb-02,1547.941,1.0933
11-Feb-02,1570.212,1.0915
12-Feb-02,1563.949,1.0856
13-Feb-02,1580.029,1.0844
14-Feb-02,1577.288,1.0882
15-Feb-02,1559.975,1.0954
19-Feb-02,1530.578,1.0948
20-Feb-02,1551.367,1.0938
21-Feb-02,1527.34,1.0960
22-Feb-02,1539.908,1.0982
25-Feb-02,1567.594,1.0973
26-Feb-02,1567.654,1.0908
27-Feb-02,1569.005,1.0991
28-Feb-02,1564.586,1.0953
01-Mar-02,1600.023,1.0875
04-Mar-02,1631.248,1.0858
05-Mar-02,1620.367,1.0861
06-Mar-02,1644.2,1.0822
07-Mar-02,1636.862,1.0685
08-Mar-02,1646.437,1.0612
11-Mar-02,1652.041,1.0615
12-Mar-02,1648.284,1.0628
13-Mar-02,1632.456,1.0659
14-Mar-02,1631,1.0553
15-Mar-02,1649.561,1.0609
18-Mar-02,1648.728,1.0639
19-Mar-02,1655.443,1.0654
20-Mar-02,1629.428,1.0554
21-Mar-02,1631.93,1.0591
22-Mar-02,1625.018,1.0565
25-Mar-02,1601.21,1.0560
26-Mar-02,1610.813,1.0615
27-Mar-02,1619.452,1.0617
28-Mar-02,1623.429,1.0562
01-Apr-02,1622.226,1.0554
02-Apr-02,1608.391,1.0624
03-Apr-02,1592.597,1.0680
04-Apr-02,1593.961,1.0699
05-Apr-02,1588.875,1.0741
08-Apr-02,1592.883,1.0705
09-Apr-02,1582.364,1.0749
10-Apr-02,1600.359,1.0727
11-Apr-02,1562.523,1.0750
12-Apr-02,1572.889,1.0793
15-Apr-02,1560.922,1.0811
16-Apr-02,1597.476,1.0770
17-Apr-02,1594.322,1.0739
18-Apr-02,1592.078,1.0767
19-Apr-02,1593.072,1.0769
22-Apr-02,1568.521,1.0790
23-Apr-02,1558.794,1.0806
24-Apr-02,1547.74,1.0846
25-Apr-02,1545.397,1.0862
26-Apr-02,1524.076,1.0897
29-Apr-02,1508.752,1.0849
30-Apr-02,1525.004,1.0872
01-May-02,1538.646,1.0901
02-May-02,1536.157,1.0870
03-May-02,1520.438,1.0906
06-May-02,1491.051,1.0900
07-May-02,1486.571,1.0912
08-May-02,1542.532,1.0780
09-May-02,1520.391,1.0827
10-May-02,1494.872,1.0865
13-May-02,1522.801,1.0787
14-May-02,1555.043,1.0741
15-May-02,1546.732,1.0771
16-May-02,1556.93,1.0833
17-May-02,1569.17,1.0764
20-May-02,1548.311,1.0821
21-May-02,1531.316,1.0855
22-May-02,1540.116,1.0886
23-May-02,1555.818,1.0867
24-May-02,1537.023,1.0872
28-May-02,1523.893,1.0886
29-May-02,1514.33,1.0941
30-May-02,1510.251,1.0976
31-May-02,1513.769,1.0961
03-Jun-02,1476.258,1.0999
04-Jun-02,1476.284,1.0979
05-Jun-02,1489.878,1.0963
06-Jun-02,1460.503,1.1023
07-Jun-02,1458.206,1.0952
10-Jun-02,1462.78,1.0986
11-Jun-02,1438.474,1.1032
12-Jun-02,1448.161,1.1049
13-Jun-02,1433.013,1.1101
14-Jun-02,1429.78,1.1187
17-Jun-02,1470.839,1.1150
18-Jun-02,1472.249,1.1163
19-Jun-02,1447.979,1.1252
20-Jun-02,1428.552,1.1206
21-Jun-02,1404.207,1.1221
24-Jun-02,1409.3,1.1174
25-Jun-02,1385.766,1.1184
26-Jun-02,1382.783,1.1249
27-Jun-02,1407.108,1.1189
28-Jun-02,1405.943,1.1197
01-Jul-02,1375.879,1.1227
02-Jul-02,1346.962,1.1270
03-Jul-02,1355.397,1.1245
05-Jul-02,1405.196,1.1161
08-Jul-02,1388.439,1.1222
09-Jul-02,1354.234,1.1280
10-Jul-02,1308.298,1.1379
11-Jul-02,1318.184,1.1360
12-Jul-02,1309.68,1.1419
15-Jul-02,1304.762,1.1376
16-Jul-02,1280.784,1.1330
17-Jul-02,1287.978,1.1326
18-Jul-02,1253.208,1.1396
19-Jul-02,1205.159,1.1471
22-Jul-02,1165.479,1.1539
23-Jul-02,1133.988,1.1584
24-Jul-02,1199.008,1.1536
25-Jul-02,1192.282,1.1603
26-Jul-02,1212.409,1.1599
29-Jul-02,1278.103,1.1458
30-Jul-02,1283.62,1.1432
31-Jul-02,1296.344,1.1542
01-Aug-02,1258.218,1.1603
02-Aug-02,1229.193,1.1688
05-Aug-02,1187.072,1.1770
06-Aug-02,1222.588,1.1658
07-Aug-02,1247.279,1.1685
08-Aug-02,1288.123,1.1641
09-Aug-02,1292.942,1.1758
12-Aug-02,1286.089,1.1802
13-Aug-02,1258.361,1.1910
14-Aug-02,1309.04,1.1865
15-Aug-02,1324.316,1.1822
16-Aug-02,1322.364,1.1690
19-Aug-02,1353.628,1.1733
20-Aug-02,1334.704,1.1861
21-Aug-02,1351.82,1.1815
22-Aug-02,1370.848,1.1712
23-Aug-02,1339.785,1.1781
26-Aug-02,1349.877,1.1798
27-Aug-02,1331.196,1.1756
28-Aug-02,1307.277,1.1815
29-Aug-02,1307.284,1.1883
30-Aug-02,1304.855,1.1891
03-Sep-02,1250.678,1.2046
04-Sep-02,1273.026,1.2046
05-Sep-02,1252.772,1.2079
06-Sep-02,1273.881,1.2007
09-Sep-02,1286.792,1.1967
10-Sep-02,1296.229,1.2028
11-Sep-02,1296.252,1.1970
12-Sep-02,1264.417,1.2052
13-Sep-02,1268.566,1.2106
16-Sep-02,1270.449,1.2106
17-Sep-02,1245.387,1.2195
18-Sep-02,1239.704,1.2173
19-Sep-02,1202.465,1.2236
20-Sep-02,1205.42,1.2229
23-Sep-02,1188.764,1.2314
24-Sep-02,1168.223,1.2366
25-Sep-02,1197.559,1.2262
26-Sep-02,1219.601,1.2243
27-Sep-02,1180.281,1.2351
30-Sep-02,1163.044,1.2415
01-Oct-02,1209.59,1.2300
02-Oct-02,1181.323,1.2347
03-Oct-02,1168.569,1.2336
04-Oct-02,1142.357,1.2350
07-Oct-02,1120.515,1.2408
08-Oct-02,1139.899,1.2390
09-Oct-02,1108.909,1.2457
10-Oct-02,1147.8,1.2367
11-Oct-02,1192.63,1.2222
15-Oct-02,1258.237,1.2048
16-Oct-02,1228.014,1.2002
17-Oct-02,1255.418,1.1858
18-Oct-02,1262.836,1.1945
21-Oct-02,1284.727,1.1818
22-Oct-02,1271.079,1.1809
23-Oct-02,1279.634,1.1839
24-Oct-02,1260.168,1.1946
25-Oct-02,1281.807,1.1969
28-Oct-02,1271.204,1.1973
29-Oct-02,1259.794,1.2118
30-Oct-02,1272.246,1.2097
31-Oct-02,1265.411,1.2164
01-Nov-02,1287.127,1.2058
04-Nov-02,1297.692,1.2023
05-Nov-02,1307.801,1.2002
06-Nov-02,1320.039,1.2038
07-Nov-02,1290.154,1.2212
08-Nov-02,1278.942,1.2259
12-Nov-02,1262.142,1.2237
13-Nov-02,1261.968,1.2246
14-Nov-02,1293.214,1.2031
15-Nov-02,1301.281,1.2067
18-Nov-02,1287.791,1.2113
19-Nov-02,1282.613,1.2120
20-Nov-02,1307.609,1.2038
21-Nov-02,1335.746,1.1952
22-Nov-02,1331.165,1.1930
25-Nov-02,1334.518,1.1934
26-Nov-02,1306.791,1.2042
27-Nov-02,1343.471,1.1859
29-Nov-02,1339.892,1.1907
02-Dec-02,1337.345,1.1893
03-Dec-02,1317.645,1.1921
04-Dec-02,1313.535,1.1966
05-Dec-02,1297.804,1.1986
06-Dec-02,1305.985,1.2031
09-Dec-02,1277.054,1.2086
10-Dec-02,1294.908,1.2072
11-Dec-02,1295.907,1.2099
12-Dec-02,1291.162,1.2097
13-Dec-02,1273.83,1.2055
16-Dec-02,1303.846,1.1985
17-Dec-02,1293.26,1.2019
18-Dec-02,1276.362,1.2100
19-Dec-02,1266.79,1.2194
20-Dec-02,1283.255,1.2175
23-Dec-02,1285.602,1.2170
24-Dec-02,1278.579,1.2210
26-Dec-02,1274.555,1.2240
27-Dec-02,1254.655,1.2330
30-Dec-02,1260.418,1.2350
31-Dec-02,1261.176,1.2329
02-Jan-03,1303.173,1.2124
03-Jan-03,1302.546,1.2131
06-Jan-03,1331.82,1.2105
07-Jan-03,1323.17,1.2151
08-Jan-03,1304.953,1.2141
09-Jan-03,1330.306,1.1995
10-Jan-03,1330.293,1.2031
13-Jan-03,1328.502,1.2050
14-Jan-03,1336.245,1.2093
15-Jan-03,1317.178,1.2109
16-Jan-03,1312.005,1.2090
17-Jan-03,1293.626,1.2157
21-Jan-03,1273.314,1.2204
22-Jan-03,1260.157,1.2258
23-Jan-03,1273.04,1.2241
24-Jan-03,1235.838,1.2248
27-Jan-03,1215.859,1.2218
28-Jan-03,1231.737,1.2215
29-Jan-03,1240.313,1.2167
30-Jan-03,1212.228,1.2224
31-Jan-03,1228.138,1.2227
03-Feb-03,1234.785,1.2195
04-Feb-03,1217.4,1.2270
05-Feb-03,1211.042,1.2198
06-Feb-03,1203.584,1.2254
07-Feb-03,1191.457,1.2265
10-Feb-03,1200.509,1.2235
11-Feb-03,1190.834,1.2247
12-Feb-03,1176.154,1.2294
13-Feb-03,1174.432,1.2352
14-Feb-03,1199.607,1.2274
18-Feb-03,1223.112,1.2283
19-Feb-03,1214.657,1.2345
20-Feb-03,1203.178,1.2363
21-Feb-03,1219.101,1.2344
24-Feb-03,1196.706,1.2391
25-Feb-03,1205.322,1.2417
26-Feb-03,1189.984,1.2467
27-Feb-03,1204.114,1.2497
28-Feb-03,1209.711,1.2548
03-Mar-03,1200.602,1.2561
04-Mar-03,1182.17,1.2594
05-Mar-03,1193.869,1.2613
06-Mar-03,1182.816,1.2588
07-Mar-03,1192.615,1.2604
10-Mar-03,1161.849,1.2684
11-Mar-03,1152.152,1.2666
12-Mar-03,1157.614,1.2669
13-Mar-03,1197.556,1.2501
14-Mar-03,1199.552,1.2544
17-Mar-03,1242.09,1.2412
18-Mar-03,1247.395,1.2347
19-Mar-03,1258.367,1.2273
20-Mar-03,1260.766,1.2298
21-Mar-03,1289.739,1.2156
24-Mar-03,1244.311,1.2296
25-Mar-03,1259.439,1.2317
26-Mar-03,1252.59,1.2333
27-Mar-03,1250.714,1.2338
28-Mar-03,1243.514,1.2362
31-Mar-03,1221.456,1.2466
01-Apr-03,1236.299,1.2456
02-Apr-03,1268.819,1.2338
03-Apr-03,1262.427,1.2356
04-Apr-03,1265.899,1.2317
07-Apr-03,1267.486,1.2296
08-Apr-03,1265.573,1.2342
09-Apr-03,1247.991,1.2380
10-Apr-03,1256.042,1.2335
11-Apr-03,1251.405,1.2307
14-Apr-03,1275.823,1.2269
15-Apr-03,1283.963,1.2301
16-Apr-03,1268.28,1.2347
17-Apr-03,1287.989,1.2329
21-Apr-03,1285.716,1.2307
22-Apr-03,1313.632,1.2330
23-Apr-03,1324.68,1.2319
24-Apr-03,1313.749,1.2373
25-Apr-03,1295.572,1.2409
28-Apr-03,1318.852,1.2395
29-Apr-03,1323.258,1.2373
30-Apr-03,1322.068,1.2465
01-May-03,1321.391,1.2467
02-May-03,1341.277,1.2385
05-May-03,1336.236,1.2426
06-May-03,1347.544,1.2523
07-May-03,1340.872,1.2637
08-May-03,1327.417,1.2634
09-May-03,1346.683,1.2651
12-May-03,1363.606,1.2693
13-May-03,1359.742,1.2735
14-May-03,1355.763,1.2825
15-May-03,1366.585,1.2807
16-May-03,1363.318,1.2930
19-May-03,1329.38,1.2870
20-May-03,1327.873,1.2997
21-May-03,1333.329,1.2958
22-May-03,1345.533,1.3044
23-May-03,1347.494,1.3022
27-May-03,1373.864,1.2944
28-May-03,1376.575,1.2938
29-May-03,1371.511,1.3028
30-May-03,1391.724,1.2995
02-Jun-03,1396.699,1.2958
03-Jun-03,1403.294,1.3048
04-Jun-03,1424.905,1.3088
05-Jun-03,1430.635,1.3033
06-Jun-03,1427.275,1.3029
09-Jun-03,1410.208,1.3108
10-Jun-03,1423.107,1.3202
11-Jun-03,1441.859,1.3178
12-Jun-03,1443.413,1.3233
13-Jun-03,1429.113,1.3285
16-Jun-03,1461.146,1.3221
17-Jun-03,1462.481,1.3132
18-Jun-03,1460.317,1.3027
19-Jun-03,1438.086,1.3052
20-Jun-03,1439.536,1.3026
23-Jun-03,1419.241,1.3078
24-Jun-03,1421.858,1.3149
25-Jun-03,1410.095,1.2992
26-Jun-03,1425.824,1.2851
27-Jun-03,1411.966,1.2852
30-Jun-03,1409.478,1.2884
01-Jul-03,1421.026,1.2847
02-Jul-03,1437.614,1.2865
03-Jul-03,1425.966,1.2743
07-Jul-03,1453.072,1.2662
08-Jul-03,1458.512,1.2683
09-Jul-03,1450.506,1.2718
10-Jul-03,1430.96,1.2747
11-Jul-03,1444.7,1.2781
14-Jul-03,1453.001,1.2683
15-Jul-03,1448.022,1.2422
16-Jul-03,1438.855,1.2485
17-Jul-03,1421.111,1.2482
18-Jul-03,1437.885,1.2408
21-Jul-03,1416.878,1.2205
22-Jul-03,1430.35,1.2288
23-Jul-03,1431.102,1.2305
24-Jul-03,1420.955,1.2251
25-Jul-03,1445.701,1.2238
28-Jul-03,1442.576,1.2140
29-Jul-03,1432.306,1.1991
30-Jul-03,1429.906,1.2117
31-Jul-03,1434.329,1.2023
01-Aug-03,1419.639,1.2048
04-Aug-03,1423.509,1.2147
05-Aug-03,1398.421,1.2045
06-Aug-03,1401.012,1.2166
07-Aug-03,1411.265,1.2220
08-Aug-03,1416.304,1.2242
11-Aug-03,1421.01,1.2158
12-Aug-03,1435.169,1.2086
13-Aug-03,1426.554,1.1958
14-Aug-03,1435.955,1.1937
15-Aug-03,1436.426,1.1992
18-Aug-03,1449.647,1.2075
19-Aug-03,1453.453,1.2180
20-Aug-03,1450.606,1.2106
21-Aug-03,1454.977,1.2065
22-Aug-03,1440.166,1.2062
25-Aug-03,1441.112,1.2025
26-Aug-03,1445.505,1.2073
27-Aug-03,1445.837,1.2011
28-Aug-03,1454.696,1.2124
29-Aug-03,1462.302,1.2079
02-Sep-03,1482.609,1.1943
03-Sep-03,1489.247,1.1954
04-Sep-03,1491.767,1.2045
05-Sep-03,1482.241,1.2213
08-Sep-03,1497.218,1.2141
09-Sep-03,1484.93,1.2222
10-Sep-03,1467.289,1.2303
11-Sep-03,1475.715,1.2256
12-Sep-03,1478.935,1.2311
15-Sep-03,1473.434,1.2307
16-Sep-03,1494.503,1.2306
17-Sep-03,1489.696,1.2399
18-Sep-03,1509.472,1.2418
19-Sep-03,1504.737,1.2409
22-Sep-03,1485.161,1.2369
23-Sep-03,1494.194,1.2393
24-Sep-03,1465.664,1.2457
25-Sep-03,1457.087,1.2508
26-Sep-03,1448.031,1.2585
29-Sep-03,1462.196,1.2513
30-Sep-03,1446.773,1.2653
01-Oct-03,1479.23,1.2660
02-Oct-03,1482.361,1.2598
03-Oct-03,1496.317,1.2396
06-Oct-03,1502.861,1.2429
07-Oct-03,1510.048,1.2344
08-Oct-03,1502.652,1.2367
09-Oct-03,1509.857,1.2313
10-Oct-03,1508.998,1.2345
14-Oct-03,1525.604,1.2272
15-Oct-03,1521.951,1.2219
16-Oct-03,1526.802,1.2161
17-Oct-03,1511.177,1.2228
20-Oct-03,1518.973,1.2244
21-Oct-03,1520.928,1.2282
22-Oct-03,1498.283,1.2371
23-Oct-03,1503.262,1.2311
24-Oct-03,1496.195,1.2397
27-Oct-03,1499.43,1.2371
28-Oct-03,1522.206,1.2455
29-Oct-03,1524.414,1.2339
30-Oct-03,1523.123,1.2294
31-Oct-03,1528.616,1.2344
03-Nov-03,1540.71,1.2300
04-Nov-03,1532.336,1.2347
05-Nov-03,1530.542,1.2291
06-Nov-03,1539.748,1.2241
07-Nov-03,1533.022,1.2212
10-Nov-03,1524.261,1.2210
12-Nov-03,1541.493,1.2259
13-Nov-03,1541.297,1.2385
14-Nov-03,1529.835,1.2463
17-Nov-03,1520.071,1.2460
18-Nov-03,1506.316,1.2540
19-Nov-03,1518.512,1.2447
20-Nov-03,1505.762,1.2533
21-Nov-03,1508.211,1.2529
24-Nov-03,1532.689,1.2460
25-Nov-03,1535.491,1.2502
26-Nov-03,1542.395,1.2442
28-Nov-03,1542.066,1.2364
01-Dec-03,1559.502,1.2322
02-Dec-03,1554.415,1.2328
03-Dec-03,1552.093,1.2310
04-Dec-03,1559.47,1.2346
05-Dec-03,1547.516,1.2480
08-Dec-03,1558.963,1.2444
09-Dec-03,1545.679,1.2368
10-Dec-03,1544.313,1.2410
11-Dec-03,1562.23,1.2492
12-Dec-03,1566.497,1.2484
15-Dec-03,1557.659,1.2473
16-Dec-03,1568.017,1.2516
17-Dec-03,1570.148,1.2545
18-Dec-03,1588.902,1.2606
19-Dec-03,1588.193,1.2599
22-Dec-03,1594.432,1.2567
23-Dec-03,1598.934,1.2478
24-Dec-03,1596.051,1.2553
26-Dec-03,1598.745,1.2592
29-Dec-03,1619.158,1.2510
30-Dec-03,1619.591,1.2490
31-Dec-03,1622.939,1.2499
02-Jan-04,1618.05,1.2384
05-Jan-04,1638.102,1.2380
06-Jan-04,1640.305,1.2487
07-Jan-04,1644.602,1.2515
08-Jan-04,1652.826,1.2505
09-Jan-04,1638.136,1.2682
12-Jan-04,1646.034,1.2678
13-Jan-04,1637.33,1.2759
14-Jan-04,1650.962,1.2776
15-Jan-04,1653.205,1.2801
16-Jan-04,1664.566,1.2762
20-Jan-04,1663.029,1.2723
21-Jan-04,1676.072,1.2759
22-Jan-04,1670.73,1.2831
23-Jan-04,1667.257,1.2708
26-Jan-04,1687.441,1.2656
27-Jan-04,1670.909,1.2714
28-Jan-04,1648.438,1.2598
29-Jan-04,1657.093,1.2615
30-Jan-04,1652.728,1.2662
02-Feb-04,1658.788,1.2652
03-Feb-04,1659.924,1.2702
04-Feb-04,1646.291,1.2686
05-Feb-04,1649.352,1.2637
06-Feb-04,1670.141,1.2720
09-Feb-04,1666.159,1.2754
10-Feb-04,1674.551,1.2695
11-Feb-04,1693.033,1.2780
12-Feb-04,1684.924,1.2764
13-Feb-04,1675.862,1.2789
17-Feb-04,1692.22,1.2802
18-Feb-04,1684.895,1.2788
19-Feb-04,1678.009,1.2805
20-Feb-04,1673.712,1.2746
23-Feb-04,1669.197,1.2807
24-Feb-04,1666.422,1.2822
25-Feb-04,1673.336,1.2841
26-Feb-04,1675.634,1.2817
27-Feb-04,1675.7,1.2883
01-Mar-04,1691.899,1.2881
02-Mar-04,1681.882,1.2825
03-Mar-04,1685.171,1.2814
04-Mar-04,1690.83,1.2851
05-Mar-04,1693.762,1.3016
08-Mar-04,1679.738,1.3102
09-Mar-04,1670.069,1.3165
10-Mar-04,1645.794,1.3151
11-Mar-04,1621.214,1.3180
12-Mar-04,1641.423,1.3105
15-Mar-04,1617.907,1.3118
16-Mar-04,1627.029,1.3204
17-Mar-04,1646.288,1.3183
18-Mar-04,1644.214,1.3134
19-Mar-04,1625.844,1.3118
22-Mar-04,1604.802,1.3178
23-Mar-04,1602.674,1.3203
24-Mar-04,1598.849,1.3187
25-Mar-04,1625.011,1.3159
26-Mar-04,1623.363,1.3067
29-Mar-04,1644.75,1.3006
30-Mar-04,1651.427,1.2999
31-Mar-04,1650.42,1.3065
01-Apr-04,1659.164,1.3020
02-Apr-04,1673.405,1.2747
05-Apr-04,1686.241,1.2687
06-Apr-04,1683.229,1.2747
07-Apr-04,1672.137,1.2744
08-Apr-04,1670.356,1.2697
12-Apr-04,1679.017,1.2673
13-Apr-04,1655.991,1.2556
14-Apr-04,1654.174,1.2543
15-Apr-04,1655.15,1.2507
16-Apr-04,1663.619,1.2570
19-Apr-04,1665.395,1.2528
20-Apr-04,1639.494,1.2462
21-Apr-04,1648.309,1.2495
22-Apr-04,1671.626,1.2537
23-Apr-04,1672.622,1.2464
26-Apr-04,1665.195,1.2490
27-Apr-04,1668.984,1.2542
28-Apr-04,1646.196,1.2431
29-Apr-04,1634.158,1.2394
30-Apr-04,1624.511,1.2423
03-May-04,1639.46,1.2438
04-May-04,1642.501,1.2371
05-May-04,1645.648,1.2358
06-May-04,1634.747,1.2344
07-May-04,1612.306,1.2181
10-May-04,1595.376,1.2165
11-May-04,1607.94,1.2208
12-May-04,1611.151,1.2150
13-May-04,1610.051,1.2105
14-May-04,1609.118,1.2172
17-May-04,1592.233,1.2273
18-May-04,1603.142,1.2232
19-May-04,1599.287,1.2208
20-May-04,1600.056,1.2291
21-May-04,1606.489,1.2241
24-May-04,1609.22,1.2271
25-May-04,1635.142,1.2284
26-May-04,1638.158,1.2330
27-May-04,1647.647,1.2393
28-May-04,1646.804,1.2341
01-Jun-04,1647.573,1.2306
02-Jun-04,1653.665,1.2269
03-Jun-04,1641.428,1.2299
04-Jun-04,1650.075,1.2232
07-Jun-04,1676.484,1.2250
08-Jun-04,1679.209,1.2248
09-Jun-04,1663.383,1.2209
10-Jun-04,1671.015,1.2221
14-Jun-04,1655.001,1.2162
15-Jun-04,1664.919,1.2342
16-Jun-04,1667.232,1.2295
17-Jun-04,1665.022,1.2339
18-Jun-04,1669.39,1.2314
21-Jun-04,1662.463,1.2340
22-Jun-04,1668.547,1.2314
23-Jun-04,1682.75,1.2333
24-Jun-04,1678.069,1.2383
25-Jun-04,1668.929,1.2388
28-Jun-04,1667.609,1.2302
29-Jun-04,1671.844,1.2352
30-Jun-04,1678.826,1.2454
01-Jul-04,1661.526,1.2473
02-Jul-04,1656.331,1.2574
06-Jul-04,1642.835,1.2567
07-Jul-04,1646.361,1.2569
08-Jul-04,1632.885,1.2570
09-Jul-04,1638.418,1.2585
12-Jul-04,1640.73,1.2605
13-Jul-04,1641.964,1.2586
14-Jul-04,1636.618,1.2574
15-Jul-04,1629.576,1.2574
16-Jul-04,1621.806,1.2701
19-Jul-04,1621.085,1.2708
20-Jul-04,1632.52,1.2618
21-Jul-04,1610.884,1.2595
22-Jul-04,1615.274,1.2617
23-Jul-04,1599.621,1.2636
26-Jul-04,1596.484,1.2585
27-Jul-04,1612.33,1.2468
28-Jul-04,1613.5,1.2495
29-Jul-04,1621.348,1.2510
30-Jul-04,1623.262,1.2605
02-Aug-04,1630.481,1.2635
03-Aug-04,1620.281,1.2655
04-Aug-04,1618.999,1.2663
05-Aug-04,1592.639,1.2685
06-Aug-04,1568.072,1.2866
09-Aug-04,1569.961,1.2829
10-Aug-04,1590.349,1.2798
11-Aug-04,1586.432,1.2823
12-Aug-04,1567.947,1.2841
13-Aug-04,1570.444,1.2879
16-Aug-04,1591.937,1.2848
17-Aug-04,1595.574,1.2912
18-Aug-04,1615.721,1.2866
19-Aug-04,1609.969,1.2889
20-Aug-04,1620.472,1.2877
23-Aug-04,1616.68,1.2832
24-Aug-04,1617.458,1.2843
25-Aug-04,1630.485,1.2854
26-Aug-04,1630.683,1.2902
27-Aug-04,1634.832,1.2892
30-Aug-04,1622.279,1.2944
31-Aug-04,1629.828,1.3011
01-Sep-04,1632.818,1.3007
02-Sep-04,1651.14,1.2916
03-Sep-04,1644.253,1.2840
07-Sep-04,1655.647,1.2900
08-Sep-04,1648.52,1.2976
09-Sep-04,1651.652,1.2943
10-Sep-04,1659.836,1.2956
13-Sep-04,1663.098,1.3005
14-Sep-04,1666.816,1.3018
15-Sep-04,1655.101,1.2987
16-Sep-04,1659.78,1.3082
17-Sep-04,1667.248,1.3036
20-Sep-04,1657.877,1.3098
21-Sep-04,1668.385,1.3118
22-Sep-04,1645.166,1.3177
23-Sep-04,1637.816,1.3144
24-Sep-04,1640.398,1.3135
27-Sep-04,1630.668,1.3177
28-Sep-04,1640.617,1.3168
29-Sep-04,1647.789,1.3076
30-Sep-04,1647.48,1.3047
01-Oct-04,1672.487,1.2980
04-Oct-04,1678.104,1.3005
05-Oct-04,1677.092,1.2998
06-Oct-04,1688.827,1.2949
07-Oct-04,1672.077,1.2931
08-Oct-04,1659.51,1.3045
12-Oct-04,1659.072,1.3087
13-Oct-04,1647.127,1.3133
14-Oct-04,1631.806,1.3176
15-Oct-04,1639.08,1.3133
18-Oct-04,1647.695,1.3152
19-Oct-04,1631.736,1.3168
20-Oct-04,1632.489,1.3219
21-Oct-04,1636.76,1.3207
22-Oct-04,1620.853,1.3232
25-Oct-04,1619.479,1.3235
26-Oct-04,1643.57,1.3208
27-Oct-04,1665.014,1.3117
28-Oct-04,1668.55,1.3157
29-Oct-04,1672.649,1.3192
01-Nov-04,1673.105,1.3139
02-Nov-04,1673.161,1.3162
03-Nov-04,1692.224,1.3146
04-Nov-04,1719.641,1.3147
05-Nov-04,1726.339,1.3044
08-Nov-04,1724.592,1.3004
09-Nov-04,1724.075,1.2998
10-Nov-04,1722.668,1.2983
12-Nov-04,1754.334,1.3047
15-Nov-04,1753.991,1.3045
16-Nov-04,1741.718,1.3024
17-Nov-04,1751.565,1.3106
18-Nov-04,1753.973,1.3134
19-Nov-04,1734.453,1.3037
22-Nov-04,1744.707,1.3063
23-Nov-04,1744.312,1.3053
24-Nov-04,1751.554,1.3042
26-Nov-04,1753.092,1.3005
29-Nov-04,1747.336,1.2925
30-Nov-04,1740.327,1.2905
01-Dec-04,1766.903,1.2902
02-Dec-04,1765.371,1.2861
03-Dec-04,1766.627,1.2993
06-Dec-04,1765.326,1.3032
07-Dec-04,1745.835,1.3031
08-Dec-04,1754.747,1.3122
09-Dec-04,1764.35,1.3085
10-Dec-04,1762.512,1.3097
13-Dec-04,1778.538,1.3103
14-Dec-04,1785.51,1.3132
15-Dec-04,1789.143,1.3175
16-Dec-04,1785.513,1.3079
17-Dec-04,1772.188,1.3063
20-Dec-04,1772.869,1.3083
21-Dec-04,1788.929,1.3101
22-Dec-04,1795.663,1.3076
23-Dec-04,1796.494,1.3057
27-Dec-04,1788.76,1.2997
28-Dec-04,1801.58,1.3002
29-Dec-04,1801.71,1.2973
30-Dec-04,1801.977,1.3040
31-Dec-04,1799.548,1.3078
03-Jan-05,1784.956,1.3080
04-Jan-05,1764.302,1.3012
05-Jan-05,1758.067,1.3027
06-Jan-05,1764.626,1.3042
07-Jan-05,1762.123,1.3041
10-Jan-05,1768.166,1.3039
11-Jan-05,1757.506,1.3075
12-Jan-05,1764.717,1.3082
13-Jan-05,1749.481,1.3145
14-Jan-05,1759.983,1.3102
18-Jan-05,1777.035,1.3127
19-Jan-05,1760.284,1.3144
20-Jan-05,1746.61,1.3150
21-Jan-05,1735.425,1.3173
24-Jan-05,1729.33,1.3198
25-Jan-05,1736.25,1.3130
26-Jan-05,1744.719,1.3137
27-Jan-05,1745.583,1.3121
28-Jan-05,1740.963,1.3186
31-Jan-05,1755.684,1.3200
01-Feb-05,1767.787,1.3192
02-Feb-05,1773.627,1.3194
03-Feb-05,1769.261,1.3175
04-Feb-05,1788.815,1.3253
07-Feb-05,1786.921,1.3290
08-Feb-05,1788.158,1.3315
09-Feb-05,1773.276,1.3327
10-Feb-05,1780.804,1.3267
11-Feb-05,1793.54,1.3262
14-Feb-05,1794.981,1.3280
15-Feb-05,1801.063,1.3257
16-Feb-05,1801.586,1.3206
17-Feb-05,1787.412,1.3187
18-Feb-05,1788.654,1.3111
22-Feb-05,1762.757,1.3092
23-Feb-05,1772.763,1.3118
24-Feb-05,1787.336,1.3095
25-Feb-05,1804.168,1.3111
28-Feb-05,1792.631,1.3019
01-Mar-05,1802.793,1.3025
02-Mar-05,1802.919,1.3016
03-Mar-05,1803.51,1.3014
04-Mar-05,1820.88,1.3076
07-Mar-05,1825.703,1.3089
08-Mar-05,1817.121,1.3016
09-Mar-05,1798.791,1.2902
10-Mar-05,1802.197,1.2945
11-Mar-05,1789.006,1.2884
14-Mar-05,1799.136,1.2919
15-Mar-05,1785.614,1.2890
16-Mar-05,1771.349,1.2923
17-Mar-05,1774.549,1.2958
18-Mar-05,1773.719,1.2927
21-Mar-05,1764.981,1.2916
22-Mar-05,1747.031,1.2822
23-Mar-05,1748.277,1.2864
24-Mar-05,1746.62,1.2859
28-Mar-05,1750.885,1.2826
29-Mar-05,1737.935,1.2880
30-Mar-05,1762.087,1.2908
31-Mar-05,1760.887,1.2981
01-Apr-05,1749.452,1.3014
04-Apr-05,1754.427,1.3012
05-Apr-05,1762.317,1.3003
06-Apr-05,1766.693,1.3051
07-Apr-05,1777.352,1.2992
08-Apr-05,1762.517,1.3004
11-Apr-05,1762.559,1.3050
12-Apr-05,1772.435,1.3133
13-Apr-05,1751.771,1.3124
14-Apr-05,1734.245,1.3172
15-Apr-05,1705.26,1.3259
18-Apr-05,1710.268,1.3226
19-Apr-05,1720.428,1.3299
20-Apr-05,1697.744,1.3321
21-Apr-05,1731.271,1.3207
22-Apr-05,1719.662,1.3259
25-Apr-05,1734.557,1.3262
26-Apr-05,1719.092,1.3246
27-Apr-05,1726.206,1.3290
28-Apr-05,1707.127,1.3377
29-Apr-05,1727.49,1.3320
02-May-05,1735.428,1.3337
03-May-05,1733.949,1.3366
04-May-05,1755.92,1.3344
05-May-05,1751.465,1.3381
06-May-05,1749.653,1.3265
09-May-05,1760.868,1.3249
10-May-05,1742.056,1.3332
11-May-05,1750.26,1.3344
12-May-05,1732.893,1.3371
13-May-05,1725.154,1.3404
16-May-05,1742.74,1.3400
17-May-05,1755.099,1.3416
18-May-05,1773.012,1.3443
19-May-05,1781.282,1.3419
20-May-05,1778.591,1.3408
23-May-05,1785.458,1.3481
24-May-05,1785.795,1.3514
25-May-05,1779.807,1.3453
26-May-05,1791.408,1.3463
27-May-05,1793.343,1.3469
31-May-05,1782.457,1.3571
01-Jun-05,1799.147,1.3664
02-Jun-05,1802.187,1.3656
03-Jun-05,1789.827,1.3579
06-Jun-05,1792.144,1.3612
07-Jun-05,1791.894,1.3659
08-Jun-05,1788.302,1.3635
09-Jun-05,1797.724,1.3624
10-Jun-05,1793.507,1.3528
13-Jun-05,1798.067,1.3497
14-Jun-05,1802.733,1.3482
15-Jun-05,1806.784,1.3488
16-Jun-05,1813.351,1.3520
17-Jun-05,1822.352,1.3519
20-Jun-05,1821.062,1.3490
21-Jun-05,1817.361,1.3559
22-Jun-05,1817.799,1.3651
23-Jun-05,1798.493,1.3642
24-Jun-05,1784.77,1.3675
27-Jun-05,1783.454,1.3697
28-Jun-05,1800.066,1.3637
29-Jun-05,1797.726,1.3628
30-Jun-05,1784.987,1.3694
01-Jul-05,1789.849,1.3582
05-Jul-05,1805.678,1.3521
06-Jul-05,1791.054,1.3556
07-Jul-05,1795.546,1.3567
08-Jul-05,1816.519,1.3542
11-Jul-05,1827.907,1.3542
12-Jul-05,1832.148,1.3497
13-Jul-05,1833.978,1.3486
14-Jul-05,1838.798,1.3469
15-Jul-05,1840.931,1.3481
18-Jul-05,1830.749,1.3433
19-Jul-05,1843.074,1.3468
20-Jul-05,1852.023,1.3492
21-Jul-05,1839.796,1.3392
22-Jul-05,1849.809,1.3445
25-Jul-05,1842.845,1.3421
26-Jul-05,1846.037,1.3441
27-Jul-05,1854.718,1.3418
28-Jul-05,1865.637,1.3479
29-Jul-05,1851.368,1.3402
01-Aug-05,1853.128,1.3378
02-Aug-05,1866.283,1.3358
03-Aug-05,1868.057,1.3400
04-Aug-05,1854.3,1.3383
05-Aug-05,1840.189,1.3315
08-Aug-05,1835.373,1.3289
09-Aug-05,1847.761,1.3321
10-Aug-05,1845.164,1.3319
11-Aug-05,1858.428,1.3388
12-Aug-05,1847.311,1.3439
15-Aug-05,1852.781,1.3406
16-Aug-05,1830.985,1.3483
17-Aug-05,1832.817,1.3426
18-Aug-05,1831.086,1.3489
19-Aug-05,1832.291,1.3486
22-Aug-05,1835.317,1.3492
23-Aug-05,1829.108,1.3518
24-Aug-05,1817.218,1.3532
25-Aug-05,1821.455,1.3544
26-Aug-05,1810.518,1.3520
29-Aug-05,1821.558,1.3541
30-Aug-05,1815.969,1.3611
31-Aug-05,1834.476,1.3690
01-Sep-05,1836.37,1.3678
02-Sep-05,1831.057,1.3677
06-Sep-05,1854.227,1.3632
07-Sep-05,1859.002,1.3591
08-Sep-05,1852.002,1.3583
09-Sep-05,1866.741,1.3611
12-Sep-05,1865.452,1.3568
13-Sep-05,1851.866,1.3608
14-Sep-05,1845.837,1.3580
15-Sep-05,1846.764,1.3531
16-Sep-05,1862.107,1.3480
19-Sep-05,1851.74,1.3511
20-Sep-05,1837.2,1.3515
21-Sep-05,1820.491,1.3582
22-Sep-05,1827.536,1.3580
23-Sep-05,1828.543,1.3512
26-Sep-05,1829.049,1.3472
27-Sep-05,1829.129,1.3486
28-Sep-05,1831.319,1.3511
29-Sep-05,1847.62,1.3476
30-Sep-05,1849.334,1.3445
03-Oct-05,1846.166,1.3399
04-Oct-05,1827.959,1.3420
05-Oct-05,1801.402,1.3436
06-Oct-05,1794.04,1.3398
07-Oct-05,1800.709,1.3430
11-Oct-05,1784.224,1.3404
12-Oct-05,1773.603,1.3355
13-Oct-05,1772.355,1.3338
14-Oct-05,1787.007,1.3323
17-Oct-05,1792.332,1.3317
18-Oct-05,1774.323,1.3336
19-Oct-05,1801.014,1.3346
20-Oct-05,1774.022,1.3373
21-Oct-05,1776.728,1.3420
24-Oct-05,1806.586,1.3368
25-Oct-05,1802.303,1.3293
26-Oct-05,1794.558,1.3248
27-Oct-05,1776.005,1.3281
28-Oct-05,1805.557,1.3267
31-Oct-05,1818.504,1.3285
01-Nov-05,1812.109,1.3278
02-Nov-05,1830.431,1.3243
03-Nov-05,1838.855,1.3193
04-Nov-05,1839.158,1.3180
07-Nov-05,1843.271,1.3216
08-Nov-05,1837.796,1.3276
09-Nov-05,1841.001,1.3202
10-Nov-05,1856.9,1.3287
14-Nov-05,1861.248,1.3236
15-Nov-05,1854.278,1.3279
16-Nov-05,1857.971,1.3366
17-Nov-05,1875.492,1.3378
18-Nov-05,1883.992,1.3353
21-Nov-05,1893.932,1.3383
22-Nov-05,1903.656,1.3418
23-Nov-05,1910.394,1.3376
25-Nov-05,1914.405,1.3418
28-Nov-05,1898.37,1.3449
29-Nov-05,1898.741,1.3380
30-Nov-05,1887.284,1.3372
01-Dec-05,1910.232,1.3351
02-Dec-05,1910.856,1.3355
05-Dec-05,1906.422,1.3316
06-Dec-05,1908.888,1.3395
07-Dec-05,1899.693,1.3368
08-Dec-05,1897.571,1.3421
09-Dec-05,1902.918,1.3360
12-Dec-05,1904.591,1.3344
13-Dec-05,1915.297,1.3372
14-Dec-05,1923.435,1.3437
15-Dec-05,1920.848,1.3436
16-Dec-05,1915.401,1.3459
19-Dec-05,1904.214,1.3469
20-Dec-05,1903.814,1.3448
21-Dec-05,1908.646,1.3429
22-Dec-05,1917.157,1.3495
23-Dec-05,1918.254,1.3546
27-Dec-05,1899.926,1.3587
28-Dec-05,1902.737,1.3558
29-Dec-05,1897.197,1.3574
30-Dec-05,1887.941,1.3542
03-Jan-06,1918.959,1.3578
04-Jan-06,1926.387,1.3599
05-Jan-06,1926.439,1.3590
06-Jan-06,1945.015,1.3573
09-Jan-06,1952.129,1.3584
10-Jan-06,1951.53,1.3523
11-Jan-06,1958.557,1.3496
12-Jan-06,1946.281,1.3549
13-Jan-06,1948.637,1.3614
17-Jan-06,1941.568,1.3637
18-Jan-06,1934.209,1.3637
19-Jan-06,1944.984,1.3594
20-Jan-06,1909.346,1.3621
23-Jan-06,1912.914,1.3620
24-Jan-06,1917.538,1.3584
25-Jan-06,1914.277,1.3496
26-Jan-06,1928.174,1.3464
27-Jan-06,1943.344,1.3462
30-Jan-06,1945.662,1.3450
31-Jan-06,1937.929,1.3467
01-Feb-06,1941.751,1.3428
02-Feb-06,1924.673,1.3433
03-Feb-06,1914.502,1.3471
06-Feb-06,1916.036,1.3461
07-Feb-06,1900.581,1.3444
08-Feb-06,1917.841,1.3424
09-Feb-06,1915.099,1.3435
10-Feb-06,1920,1.3399
13-Feb-06,1914.015,1.3421
14-Feb-06,1933.459,1.3397
15-Feb-06,1940.685,1.3405
16-Feb-06,1955.06,1.3417
17-Feb-06,1951.833,1.3468
21-Feb-06,1945.447,1.3445
22-Feb-06,1960.259,1.3484
23-Feb-06,1953.368,1.3456
24-Feb-06,1956.135,1.3440
27-Feb-06,1963.583,1.3426
28-Feb-06,1943.188,1.3471
01-Mar-06,1959.765,1.3436
02-Mar-06,1956.602,1.3397
03-Mar-06,1953.743,1.3344
06-Mar-06,1940.204,1.3290
07-Mar-06,1936.684,1.3311
08-Mar-06,1941.172,1.3310
09-Mar-06,1931.733,1.3316
10-Mar-06,1945.925,1.3291
13-Mar-06,1950.386,1.3289
14-Mar-06,1970.655,1.3368
15-Mar-06,1979.21,1.3339
16-Mar-06,1982.764,1.3419
17-Mar-06,1985.688,1.3393
20-Mar-06,1982.401,1.3410
21-Mar-06,1970.499,1.3358
22-Mar-06,1982.399,1.3376
23-Mar-06,1977.291,1.3340
24-Mar-06,1979.235,1.3409
27-Mar-06,1977.187,1.3383
28-Mar-06,1964.473,1.3311
29-Mar-06,1979.507,1.3292
30-Mar-06,1975.602,1.3246
31-Mar-06,1967.375,1.3254
03-Apr-06,1971.925,1.3244
04-Apr-06,1984.467,1.3246
05-Apr-06,1993.214,1.3268
06-Apr-06,1989.867,1.3211
07-Apr-06,1969.299,1.3134
10-Apr-06,1971.025,1.3165
11-Apr-06,1956.115,1.3196
12-Apr-06,1958.491,1.3138
13-Apr-06,1960.006,1.3085
17-Apr-06,1954.248,1.3121
18-Apr-06,1988.181,1.3151
19-Apr-06,1991.842,1.3112
20-Apr-06,1994.227,1.3095
21-Apr-06,1993.989,1.3128
24-Apr-06,1989.198,1.3165
25-Apr-06,1979.509,1.3073
26-Apr-06,1985.285,1.3039
27-Apr-06,1992.392,1.3075
28-Apr-06,1993.793,1.3089
01-May-06,1985.554,1.3017
02-May-06,1997.751,1.3041
03-May-06,1989.969,1.3014
04-May-06,1996.741,1.3008
05-May-06,2017.336,1.3061
08-May-06,2015.839,1.3063
09-May-06,2016.595,1.3051
10-May-06,2013.987,1.3055
11-May-06,1988.56,1.3029
12-May-06,1966.267,1.2969
15-May-06,1971.451,1.3020
16-May-06,1967.79,1.3075
17-May-06,1935.184,1.3032
18-May-06,1922.324,1.3117
19-May-06,1930.273,1.3121
22-May-06,1922.722,1.3147
23-May-06,1914.381,1.3159
24-May-06,1917.478,1.3147
25-May-06,1939.521,1.3116
26-May-06,1950.871,1.3136
30-May-06,1920.089,1.3119
31-May-06,1936.409,1.3077
01-Jun-06,1960.284,1.3100
02-Jun-06,1964.107,1.3210
05-Jun-06,1929.234,1.3190
06-Jun-06,1927.132,1.3206
07-Jun-06,1915.774,1.3193
08-Jun-06,1918.592,1.3219
09-Jun-06,1910.005,1.3246
12-Jun-06,1885.809,1.3248
13-Jun-06,1866.918,1.3264
14-Jun-06,1876.669,1.3180
15-Jun-06,1916.564,1.3145
16-Jun-06,1909.522,1.3116
19-Jun-06,1892.119,1.3112
20-Jun-06,1892.131,1.3100
21-Jun-06,1910.617,1.3099
22-Jun-06,1900.98,1.3050
23-Jun-06,1899.319,1.3035
26-Jun-06,1908.563,1.3034
27-Jun-06,1891.242,1.3066
28-Jun-06,1901.983,1.3026
29-Jun-06,1943.085,1.3071
30-Jun-06,1939.034,1.3136
03-Jul-06,1954.49,1.3129
05-Jul-06,1940.552,1.3061
06-Jul-06,1945.897,1.3104
07-Jul-06,1932.754,1.3153
10-Jul-06,1935.615,1.3166
11-Jul-06,1943.659,1.3193
12-Jul-06,1922.619,1.3194
13-Jul-06,1897.73,1.3231
14-Jul-06,1888.433,1.3235
17-Jul-06,1885.823,1.3242
18-Jul-06,1889.483,1.3175
19-Jul-06,1924.737,1.3256
20-Jul-06,1908.424,1.3283
21-Jul-06,1894.941,1.3272
24-Jul-06,1926.499,1.3273
25-Jul-06,1938.675,1.3257
26-Jul-06,1937.962,1.3291
27-Jul-06,1930.316,1.3287
28-Jul-06,1953.857,1.3334
31-Jul-06,1950.995,1.3352
01-Aug-06,1942.219,1.3357
02-Aug-06,1954.18,1.3372
03-Aug-06,1957.414,1.3377
04-Aug-06,1956.046,1.3443
07-Aug-06,1950.631,1.3423
08-Aug-06,1944.218,1.3423
09-Aug-06,1936.298,1.3409
10-Aug-06,1945.61,1.3402
11-Aug-06,1938.129,1.3367
14-Aug-06,1940.497,1.3346
15-Aug-06,1967.256,1.3418
16-Aug-06,1982.808,1.3489
17-Aug-06,1986.042,1.3487
18-Aug-06,1993.43,1.3513
21-Aug-06,1986.112,1.3545
22-Aug-06,1988.1,1.3549
23-Aug-06,1979.346,1.3547
24-Aug-06,1984.089,1.3557
25-Aug-06,1982.806,1.3579
28-Aug-06,1993.059,1.3570
29-Aug-06,1997.205,1.3580
30-Aug-06,1998.076,1.3610
31-Aug-06,1997.415,1.3640
01-Sep-06,2008.466,1.3644
05-Sep-06,2011.996,1.3600
06-Sep-06,1992.416,1.3586
07-Sep-06,1982.93,1.3596
08-Sep-06,1990.444,1.3610
11-Sep-06,1991.494,1.3593
12-Sep-06,2012.317,1.3626
13-Sep-06,2020.494,1.3638
14-Sep-06,2017.858,1.3610
15-Sep-06,2023.352,1.3612
18-Sep-06,2025.39,1.3601
19-Sep-06,2021.005,1.3676
20-Sep-06,2031.592,1.3680
21-Sep-06,2021.084,1.3772
22-Sep-06,2016.092,1.3822
25-Sep-06,2033.871,1.3873
26-Sep-06,2049.2,1.3836
27-Sep-06,2049.966,1.3825
28-Sep-06,2053.932,1.3818
29-Sep-06,2048.889,1.3801
02-Oct-06,2041.992,1.3830
03-Oct-06,2046.283,1.3825
04-Oct-06,2071.451,1.3881
05-Oct-06,2076.631,1.3837
06-Oct-06,2071.054,1.3742
10-Oct-06,2077.008,1.3688
11-Oct-06,2071.9,1.3665
12-Oct-06,2091.685,1.3671
13-Oct-06,2095.972,1.3645
16-Oct-06,2101.265,1.3671
17-Oct-06,2093.581,1.3686
18-Oct-06,2096.706,1.3700
19-Oct-06,2098.321,1.3671
20-Oct-06,2100.861,1.3670
23-Oct-06,2113.822,1.3631
24-Oct-06,2114.363,1.3644
25-Oct-06,2121.834,1.3704
26-Oct-06,2132.385,1.3755
27-Oct-06,2114.648,1.3803
30-Oct-06,2115.633,1.3810
31-Oct-06,2115.654,1.3881
01-Nov-06,2100.365,1.3919
02-Nov-06,2100.211,1.3891
03-Nov-06,2095.68,1.3776
06-Nov-06,2119.53,1.3798
07-Nov-06,2124.277,1.3842
08-Nov-06,2129.22,1.3866
09-Nov-06,2118.318,1.3877
10-Nov-06,2122.257,1.3905
13-Nov-06,2128.169,1.3893
14-Nov-06,2141.946,1.3938
15-Nov-06,2147.603,1.3887
16-Nov-06,2152.569,1.3842
17-Nov-06,2154.795,1.3910
20-Nov-06,2153.76,1.3918
21-Nov-06,2157.424,1.3946
22-Nov-06,2162.65,1.3955
24-Nov-06,2154.963,1.3976
27-Nov-06,2125.67,1.4000
28-Nov-06,2133.52,1.4029
29-Nov-06,2154.086,1.4010
30-Nov-06,2155.885,1.4076
01-Dec-06,2149.849,1.4105
04-Dec-06,2169.003,1.4121
05-Dec-06,2177.746,1.4104
06-Dec-06,2175.448,1.4064
07-Dec-06,2166.868,1.4068
08-Dec-06,2170.836,1.4001
11-Dec-06,2175.801,1.4039
12-Dec-06,2173.577,1.4073
13-Dec-06,2176.516,1.3978
14-Dec-06,2195.591,1.3966
15-Dec-06,2198.069,1.3970
18-Dec-06,2190.974,1.3986
19-Dec-06,2195.8,1.3981
20-Dec-06,2192.756,1.3978
21-Dec-06,2185.207,1.4030
22-Dec-06,2173.9,1.3958
26-Dec-06,2183.38,1.3983
27-Dec-06,2199.153,1.3929
28-Dec-06,2195.996,1.3900
29-Dec-06,2186.127,1.3875
03-Jan-07,2183.922,1.3936
04-Jan-07,2186.603,1.3999
05-Jan-07,2173.292,1.3955
08-Jan-07,2178.802,1.3952
09-Jan-07,2177.678,1.3951
10-Jan-07,2182.161,1.3920
11-Jan-07,2196.021,1.3872
12-Jan-07,2206.677,1.3833
16-Jan-07,2208.482,1.3864
17-Jan-07,2206.701,1.3831
18-Jan-07,2200.196,1.3872
19-Jan-07,2206.6,1.3839
22-Jan-07,2195.003,1.3861
23-Jan-07,2202.768,1.3811
24-Jan-07,2221.556,1.3813
25-Jan-07,2196.543,1.3745
26-Jan-07,2193.888,1.3747
29-Jan-07,2191.713,1.3735
30-Jan-07,2204.396,1.3758
31-Jan-07,2219.189,1.3825
01-Feb-07,2231.606,1.3799
02-Feb-07,2235.392,1.3814
05-Feb-07,2233.444,1.3841
06-Feb-07,2235.016,1.3882
07-Feb-07,2239.052,1.3905
08-Feb-07,2236.46,1.3911
09-Feb-07,2220.721,1.3861
12-Feb-07,2213.584,1.3842
13-Feb-07,2230.799,1.3835
14-Feb-07,2248.404,1.3917
15-Feb-07,2250.969,1.3950
16-Feb-07,2249.064,1.3967
20-Feb-07,2255.478,1.3989
21-Feb-07,2252.434,1.3973
22-Feb-07,2251.03,1.3934
23-Feb-07,2243.261,1.3996
26-Feb-07,2240.728,1.4054
27-Feb-07,2163.114,1.4179
28-Feb-07,2175.784,1.4123
01-Mar-07,2170.171,1.4144
02-Mar-07,2145.428,1.4197
05-Mar-07,2125.343,1.4201
06-Mar-07,2158.359,1.4172
07-Mar-07,2153.646,1.4214
08-Mar-07,2169.139,1.4194
09-Mar-07,2170.618,1.4117
12-Mar-07,2176.501,1.4158
13-Mar-07,2132.76,1.4224
14-Mar-07,2147.18,1.4180
15-Mar-07,2155.183,1.4182
16-Mar-07,2146.932,1.4175
19-Mar-07,2170.326,1.4163
20-Mar-07,2184.097,1.4175
21-Mar-07,2221.459,1.4192
22-Mar-07,2220.676,1.4149
23-Mar-07,2223.116,1.4119
26-Mar-07,2225.258,1.4135
27-Mar-07,2211.517,1.4139
28-Mar-07,2194.383,1.4124
29-Mar-07,2202.683,1.4099
30-Mar-07,2200.12,1.4103
02-Apr-07,2205.851,1.4112
03-Apr-07,2226.758,1.4088
04-Apr-07,2229.255,1.4107
05-Apr-07,2236.711,1.4076
09-Apr-07,2238.033,1.4011
10-Apr-07,2243.933,1.4039
11-Apr-07,2229.441,1.4030
12-Apr-07,2243.303,1.4029
13-Apr-07,2251.124,1.4000
16-Apr-07,2275.353,1.4037
17-Apr-07,2280.013,1.4095
18-Apr-07,2281.612,1.4130
19-Apr-07,2278.913,1.4117
20-Apr-07,2300.084,1.4112
23-Apr-07,2294.825,1.4150
24-Apr-07,2294.017,1.4174
25-Apr-07,2317.496,1.4143
26-Apr-07,2315.908,1.4094
27-Apr-07,2315.703,1.4100
30-Apr-07,2297.575,1.4178
01-May-07,2303.676,1.4169
02-May-07,2318.839,1.4168
03-May-07,2329.544,1.4141
04-May-07,2334.606,1.4175
07-May-07,2340.677,1.4195
08-May-07,2338.136,1.4190
09-May-07,2346.302,1.4151
10-May-07,2313.938,1.4178
11-May-07,2336.484,1.4148
14-May-07,2332.433,1.4133
15-May-07,2329.607,1.4124
16-May-07,2350.403,1.4120
17-May-07,2348.44,1.4077
18-May-07,2363.972,1.4030
21-May-07,2367.625,1.4054
22-May-07,2366.098,1.4013
23-May-07,2363.286,1.3995
24-May-07,2340.64,1.4003
25-May-07,2353.423,1.3987
29-May-07,2357.392,1.3969
30-May-07,2377.087,1.3985
31-May-07,2377.749,1.3967
01-Jun-07,2386.629,1.3906
04-Jun-07,2391.133,1.3934
05-Jun-07,2378.438,1.3874
06-Jun-07,2357.953,1.3902
07-Jun-07,2316.625,1.3742
08-Jun-07,2342.978,1.3764
11-Jun-07,2345.273,1.3728
12-Jun-07,2320.215,1.3593
13-Jun-07,2356.021,1.3685
14-Jun-07,2367.52,1.3664
15-Jun-07,2382.966,1.3724
18-Jun-07,2380.088,1.3753
19-Jun-07,2384.255,1.3808
20-Jun-07,2351.866,1.3760
21-Jun-07,2366.924,1.3712
22-Jun-07,2336.407,1.3765
25-Jun-07,2328.913,1.3821
26-Jun-07,2321.461,1.3822
27-Jun-07,2342.841,1.3825
28-Jun-07,2341.903,1.3804
29-Jun-07,2338.247,1.3891
02-Jul-07,2363.278,1.3935
03-Jul-07,2372.221,1.3876
05-Jul-07,2373.068,1.3778
06-Jul-07,2381.59,1.3735
09-Jul-07,2383.804,1.3783
10-Jul-07,2349.983,1.3915
11-Jul-07,2363.717,1.3847
12-Jul-07,2408.786,1.3806
13-Jul-07,2416.282,1.3841
16-Jul-07,2411.653,1.3907
17-Jul-07,2411.411,1.3896
18-Jul-07,2406.693,1.3922
19-Jul-07,2417.5,1.3937
20-Jul-07,2387.962,1.4013
23-Jul-07,2399.638,1.4014
24-Jul-07,2352.117,1.4061
25-Jul-07,2363.119,1.4076
26-Jul-07,2307.977,1.4208
27-Jul-07,2271.411,1.4233
30-Jul-07,2294.748,1.4191
31-Jul-07,2265.75,1.4252
01-Aug-07,2282.298,1.4204
02-Aug-07,2292.792,1.4226
03-Aug-07,2231.979,1.4311
06-Aug-07,2285.933,1.4258
07-Aug-07,2300.095,1.4231
08-Aug-07,2333.239,1.4129
09-Aug-07,2264.503,1.4218
10-Aug-07,2265.358,1.4188
13-Aug-07,2264.575,1.4232
14-Aug-07,2223.705,1.4267
15-Aug-07,2193.395,1.4276
16-Aug-07,2200.612,1.4339
17-Aug-07,2254.684,1.4320
20-Aug-07,2254.073,1.4380
21-Aug-07,2256.525,1.4415
22-Aug-07,2283.085,1.4360
23-Aug-07,2280.678,1.4363
24-Aug-07,2307.223,1.4393
27-Aug-07,2287.62,1.4454
28-Aug-07,2234.025,1.4525
29-Aug-07,2283.581,1.4475
30-Aug-07,2274.164,1.4532
31-Aug-07,2299.714,1.4504
04-Sep-07,2323.825,1.4504
05-Sep-07,2298.163,1.4596
06-Sep-07,2308.345,1.4555
07-Sep-07,2269.324,1.4688
10-Sep-07,2266.51,1.4751
11-Sep-07,2297.412,1.4703
12-Sep-07,2298.137,1.4662
13-Sep-07,2317.627,1.4605
14-Sep-07,2318.107,1.4618
17-Sep-07,2306.251,1.4623
18-Sep-07,2373.634,1.4618
19-Sep-07,2388.151,1.4553
20-Sep-07,2372.613,1.4394
21-Sep-07,2383.554,1.4474
24-Sep-07,2371.034,1.4475
25-Sep-07,2370.265,1.4479
26-Sep-07,2383.527,1.4489
27-Sep-07,2392.923,1.4551
28-Sep-07,2385.72,1.4528
01-Oct-07,2417.444,1.4580
02-Oct-07,2416.826,1.4609
03-Oct-07,2406.305,1.4568
04-Oct-07,2411.414,1.4624
05-Oct-07,2435.162,1.4485
09-Oct-07,2447.028,1.4477
10-Oct-07,2443.021,1.4481
11-Oct-07,2430.545,1.4498
12-Oct-07,2442.122,1.4447
15-Oct-07,2421.674,1.4459
16-Oct-07,2405.761,1.4494
17-Oct-07,2410.217,1.4603
18-Oct-07,2408.464,1.4672
19-Oct-07,2346.775,1.4789
22-Oct-07,2355.737,1.4770
23-Oct-07,2376.475,1.4781
24-Oct-07,2370.708,1.4859
25-Oct-07,2368.429,1.4812
26-Oct-07,2401.074,1.4789
29-Oct-07,2410.332,1.4815
30-Oct-07,2394.81,1.4821
31-Oct-07,2423.669,1.4718
01-Nov-07,2360.208,1.4860
02-Nov-07,2362.21,1.4898
05-Nov-07,2350.692,1.4881
06-Nov-07,2379.052,1.4843
07-Nov-07,2310.412,1.4909
08-Nov-07,2309.184,1.4942
09-Nov-07,2276.259,1.5020
13-Nov-07,2319.856,1.4969
14-Nov-07,2304.057,1.4987
15-Nov-07,2273.726,1.5116
16-Nov-07,2285.672,1.5080
19-Nov-07,2245.814,1.5188
20-Nov-07,2256.015,1.5154
21-Nov-07,2220.207,1.5243
23-Nov-07,2257.954,1.5262
26-Nov-07,2205.486,1.5470
27-Nov-07,2238.519,1.5352
28-Nov-07,2303.169,1.5253
29-Nov-07,2304.426,1.5369
30-Nov-07,2322.344,1.5368
03-Dec-07,2308.739,1.5476
04-Dec-07,2293.655,1.5425
05-Dec-07,2329.714,1.5351
06-Dec-07,2364.973,1.5290
07-Dec-07,2360.787,1.5178
10-Dec-07,2378.603,1.5119
11-Dec-07,2318.515,1.5340
12-Dec-07,2332.851,1.5201
13-Dec-07,2335.791,1.5078
14-Dec-07,2303.788,1.5049
17-Dec-07,2269.238,1.5154
18-Dec-07,2283.499,1.5192
19-Dec-07,2280.469,1.5301
20-Dec-07,2292.234,1.5276
21-Dec-07,2330.812,1.5142
24-Dec-07,2349.663,1.5100
26-Dec-07,2351.602,1.5031
27-Dec-07,2318.723,1.5122
28-Dec-07,2322.108,1.5264
31-Dec-07,2306.232,1.5328
02-Jan-08,2273.406,1.5481
03-Jan-08,2273.414,1.5499
04-Jan-08,2217.592,1.5527
07-Jan-08,2224.761,1.5581
08-Jan-08,2184.667,1.5646
09-Jan-08,2214.602,1.5596
10-Jan-08,2232.245,1.5514
11-Jan-08,2202.027,1.5647
14-Jan-08,2225.976,1.5666
15-Jan-08,2170.51,1.5799
16-Jan-08,2158.575,1.5718
17-Jan-08,2095.861,1.5861
18-Jan-08,2083.237,1.5853
22-Jan-08,2060.149,1.6106
23-Jan-08,2104.374,1.5895
24-Jan-08,2125.605,1.5761
25-Jan-08,2091.884,1.5952
28-Jan-08,2128.638,1.5934
29-Jan-08,2141.85,1.5809
30-Jan-08,2131.785,1.5823
31-Jan-08,2167.901,1.5916
01-Feb-08,2194.427,1.5922
04-Feb-08,2171.514,1.5857
05-Feb-08,2102.234,1.5955
06-Feb-08,2087.05,1.5926
07-Feb-08,2104.021,1.5722
08-Feb-08,2095.212,1.5871
11-Feb-08,2107.653,1.5909
12-Feb-08,2123.06,1.5852
13-Feb-08,2152.764,1.5765
14-Feb-08,2123.941,1.5662
15-Feb-08,2125.854,1.5736
19-Feb-08,2124.119,1.5563
20-Feb-08,2141.954,1.5564
21-Feb-08,2115.126,1.5721
22-Feb-08,2132.021,1.5683
25-Feb-08,2161.511,1.5578
26-Feb-08,2176.476,1.5626
27-Feb-08,2175.001,1.5637
28-Feb-08,2155.805,1.5864
29-Feb-08,2097.475,1.6042
03-Mar-08,2098.639,1.6001
04-Mar-08,2091.422,1.5924
05-Mar-08,2103.422,1.5845
06-Mar-08,2057.442,1.5960
07-Mar-08,2040.174,1.6010
10-Mar-08,2008.712,1.6104
11-Mar-08,2083.363,1.5940
12-Mar-08,2065.21,1.6084
13-Mar-08,2075.883,1.6016
14-Mar-08,2032.785,1.6113
17-Mar-08,2014.876,1.6278
18-Mar-08,2100.377,1.6063
19-Mar-08,2049.395,1.6229
20-Mar-08,2098.463,1.6228
24-Mar-08,2130.623,1.5982
25-Mar-08,2135.542,1.6037
26-Mar-08,2116.925,1.6090
27-Mar-08,2093.111,1.6005
28-Mar-08,2076.556,1.6107
31-Mar-08,2088.418,1.6159
01-Apr-08,2163.383,1.5963
02-Apr-08,2159.633,1.5915
03-Apr-08,2162.458,1.5942
04-Apr-08,2164.211,1.6088
07-Apr-08,2167.605,1.5998
08-Apr-08,2157.279,1.5977
09-Apr-08,2139.993,1.6078
10-Apr-08,2149.669,1.6002
11-Apr-08,2106.013,1.6094
14-Apr-08,2098.915,1.6043
15-Apr-08,2108.591,1.5928
16-Apr-08,2156.673,1.5822
17-Apr-08,2158.077,1.5766
18-Apr-08,2197.235,1.5795
21-Apr-08,2193.872,1.5775
22-Apr-08,2174.59,1.5824
23-Apr-08,2180.91,1.5770
24-Apr-08,2194.964,1.5652
25-Apr-08,2209.251,1.5599
28-Apr-08,2207.017,1.5656
29-Apr-08,2198.498,1.5667
30-Apr-08,2190.131,1.5773
01-May-08,2228.093,1.5746
02-May-08,2235.299,1.5635
05-May-08,2225.368,1.5630
06-May-08,2242.473,1.5576
07-May-08,2202.77,1.5660
08-May-08,2210.952,1.5750
09-May-08,2196.537,1.5752
12-May-08,2220.811,1.5735
13-May-08,2220.462,1.5601
14-May-08,2229.744,1.5614
15-May-08,2253.763,1.5720
16-May-08,2256.635,1.5680
19-May-08,2258.74,1.5707
20-May-08,2237.787,1.5773
21-May-08,2202.021,1.5736
22-May-08,2208.198,1.5620
23-May-08,2179.054,1.5700
27-May-08,2193.978,1.5622
28-May-08,2203.102,1.5528
29-May-08,2215.117,1.5450
30-May-08,2218.499,1.5470
02-Jun-08,2195.269,1.5585
03-Jun-08,2182.646,1.5658
04-Jun-08,2183.01,1.5568
05-Jun-08,2225.742,1.5500
06-Jun-08,2157.236,1.5637
09-Jun-08,2159.028,1.5542
10-Jun-08,2153.769,1.5424
11-Jun-08,2117.837,1.5466
12-Jun-08,2124.937,1.5316
13-Jun-08,2156.961,1.5277
16-Jun-08,2157.14,1.5258
17-Jun-08,2142.552,1.5340
18-Jun-08,2121.776,1.5410
19-Jun-08,2130.303,1.5331
20-Jun-08,2090.815,1.5374
23-Jun-08,2090.936,1.5389
24-Jun-08,2085.077,1.5479
25-Jun-08,2097.365,1.5467
26-Jun-08,2036.401,1.5538
27-Jun-08,2028.891,1.5612
30-Jun-08,2031.471,1.5612
01-Jul-08,2039.656,1.5572
02-Jul-08,2002.643,1.5632
03-Jul-08,2004.867,1.5607
07-Jul-08,1988.089,1.5709
08-Jul-08,2022.826,1.5735
09-Jul-08,1976.965,1.5825
10-Jul-08,1990.783,1.5851
11-Jul-08,1968.863,1.5647
14-Jul-08,1951.084,1.5782
15-Jul-08,1929.847,1.5827
16-Jul-08,1978.469,1.5682
17-Jul-08,2002.304,1.5613
18-Jul-08,2002.884,1.5500
21-Jul-08,2001.855,1.5558
22-Jul-08,2028.905,1.5489
23-Jul-08,2037.151,1.5469
24-Jul-08,1990.086,1.5617
25-Jul-08,1998.406,1.5494
28-Jul-08,1961.23,1.5621
29-Jul-08,2007.213,1.5574
30-Jul-08,2040.807,1.5566
31-Jul-08,2014.394,1.5692
01-Aug-08,2003.162,1.5714
04-Aug-08,1985.233,1.5682
05-Aug-08,2042.444,1.5612
06-Aug-08,2050.229,1.5573
07-Aug-08,2013.655,1.5760
08-Aug-08,2061.773,1.5750
11-Aug-08,2076.591,1.5671
12-Aug-08,2051.662,1.5790
13-Aug-08,2046.347,1.5743
14-Aug-08,2057.722,1.5803
15-Aug-08,2066.356,1.5866
18-Aug-08,2035.299,1.5903
19-Aug-08,2016.517,1.5888
20-Aug-08,2029.151,1.5931
21-Aug-08,2034.347,1.5893
22-Aug-08,2057.638,1.5848
25-Aug-08,2017.267,1.5961
26-Aug-08,2024.724,1.5975
27-Aug-08,2041.237,1.5991
28-Aug-08,2071.862,1.5973
29-Aug-08,2043.532,1.5924
02-Sep-08,2035.237,1.6032
03-Sep-08,2032.127,1.6072
04-Sep-08,1971.369,1.6161
05-Sep-08,1980.183,1.6066
08-Sep-08,2021.129,1.6113
09-Sep-08,1952.138,1.6225
10-Sep-08,1964.248,1.6165
11-Sep-08,1992.001,1.6152
12-Sep-08,1996.255,1.6066
15-Sep-08,1902.174,1.6456
16-Sep-08,1935.49,1.6395
17-Sep-08,1844.306,1.6399
18-Sep-08,1924.849,1.6249
19-Sep-08,2002.322,1.5957
22-Sep-08,1925.855,1.5927
23-Sep-08,1895.781,1.5954
24-Sep-08,1892.051,1.5943
25-Sep-08,1929.244,1.5892
26-Sep-08,1935.787,1.5900
29-Sep-08,1765.724,1.6225
30-Sep-08,1861.438,1.5938
01-Oct-08,1853.264,1.6037
02-Oct-08,1778.897,1.6133
03-Oct-08,1754.907,1.6158
06-Oct-08,1687.335,1.6339
07-Oct-08,1590.513,1.6255
08-Oct-08,1573.342,1.6081
09-Oct-08,1453.519,1.6025
10-Oct-08,1436.562,1.5831
14-Oct-08,1594.414,1.5571
15-Oct-08,1450.504,1.5676
16-Oct-08,1512.206,1.5647
17-Oct-08,1502.838,1.5650
20-Oct-08,1574.5,1.5749
21-Oct-08,1526.02,1.5861
22-Oct-08,1433.221,1.6015
23-Oct-08,1451.373,1.5921
24-Oct-08,1401.291,1.5874
27-Oct-08,1356.78,1.5844
28-Oct-08,1503.158,1.5676
29-Oct-08,1486.728,1.5627
30-Oct-08,1525.365,1.5475
31-Oct-08,1548.814,1.5483
03-Nov-08,1544.913,1.5527
04-Nov-08,1607.997,1.5712
05-Nov-08,1524.214,1.5761
06-Nov-08,1448.009,1.5783
07-Nov-08,1490.307,1.5686
10-Nov-08,1471.642,1.5749
12-Nov-08,1365.149,1.5875
13-Nov-08,1459.817,1.5764
14-Nov-08,1399.196,1.5918
17-Nov-08,1363.137,1.6058
18-Nov-08,1376.815,1.6219
19-Nov-08,1292.756,1.6449
20-Nov-08,1206.039,1.6797
21-Nov-08,1282.59,1.6542
24-Nov-08,1365.634,1.6399
25-Nov-08,1374.789,1.6646
26-Nov-08,1423.904,1.6734
28-Nov-08,1437.679,1.6828
01-Dec-08,1309.392,1.7070
02-Dec-08,1361.789,1.7131
03-Dec-08,1397.716,1.7111
04-Dec-08,1356.812,1.7208
05-Dec-08,1406.363,1.6965
08-Dec-08,1460.603,1.6933
09-Dec-08,1426.88,1.7078
10-Dec-08,1444,1.7022
11-Dec-08,1403.196,1.7121
12-Dec-08,1413.071,1.7163
15-Dec-08,1395.211,1.7244
16-Dec-08,1466.874,1.7569
17-Dec-08,1452.876,1.7716
18-Dec-08,1422.186,1.7900
19-Dec-08,1426.388,1.7851
22-Dec-08,1400.417,1.7810
23-Dec-08,1387.079,1.7793
24-Dec-08,1395.755,1.7775
26-Dec-08,1403.223,1.7845
29-Dec-08,1398.251,1.7894
30-Dec-08,1432.652,1.7943
31-Dec-08,1452.976,1.7727
02-Jan-09,1499.166,1.7534
05-Jan-09,1492.207,1.7428
06-Jan-09,1503.866,1.7494
07-Jan-09,1459.578,1.7454
08-Jan-09,1464.601,1.7506
09-Jan-09,1433.412,1.7548
12-Jan-09,1401.069,1.7668
13-Jan-09,1403.627,1.7680
14-Jan-09,1356.789,1.7797
15-Jan-09,1358.64,1.7772
16-Jan-09,1368.919,1.7614
20-Jan-09,1296.633,1.7525
21-Jan-09,1353.328,1.7278
22-Jan-09,1332.84,1.7210
23-Jan-09,1340.018,1.7191
26-Jan-09,1347.468,1.7154
27-Jan-09,1362.184,1.7287
28-Jan-09,1408.072,1.7135
29-Jan-09,1361.535,1.6926
30-Jan-09,1330.51,1.6939
02-Feb-09,1329.813,1.7113
03-Feb-09,1350.885,1.6940
04-Feb-09,1341.765,1.6897
05-Feb-09,1363.816,1.6933
06-Feb-09,1401.061,1.6849
09-Feb-09,1403.194,1.6883
10-Feb-09,1334.303,1.7092
11-Feb-09,1345.5,1.7166
12-Feb-09,1348.151,1.7175
13-Feb-09,1334.833,1.7026
17-Feb-09,1274.256,1.7360
18-Feb-09,1273.294,1.7210
19-Feb-09,1258.817,1.7213
20-Feb-09,1244.717,1.7159
23-Feb-09,1201.561,1.7205
24-Feb-09,1249.76,1.7149
25-Feb-09,1236.742,1.7006
26-Feb-09,1217.491,1.6905
27-Feb-09,1188.84,1.6893
02-Mar-09,1133.431,1.7079
03-Mar-09,1126.176,1.7058
04-Mar-09,1153.349,1.6933
05-Mar-09,1104.376,1.7133
06-Mar-09,1105.998,1.7066
09-Mar-09,1095.036,1.7088
10-Mar-09,1164.831,1.6907
11-Mar-09,1168.074,1.7018
12-Mar-09,1215.869,1.7130
13-Mar-09,1225.316,1.7105
16-Mar-09,1221.033,1.7046
17-Mar-09,1260.291,1.6982
18-Mar-09,1286.622,1.7585
19-Mar-09,1269.925,1.7663
20-Mar-09,1244.855,1.7651
23-Mar-09,1333.207,1.7623
24-Mar-09,1306.028,1.7584
25-Mar-09,1318.611,1.7497
26-Mar-09,1349.373,1.7547
27-Mar-09,1322.187,1.7546
30-Mar-09,1276.225,1.7605
31-Mar-09,1292.977,1.7683
01-Apr-09,1314.631,1.7698
02-Apr-09,1352.474,1.7532
03-Apr-09,1365.663,1.7356
06-Apr-09,1354.36,1.7305
07-Apr-09,1322.912,1.7345
08-Apr-09,1338.532,1.7408
09-Apr-09,1389.487,1.7305
13-Apr-09,1393.125,1.7412
14-Apr-09,1365.204,1.7518
15-Apr-09,1382.36,1.7552
16-Apr-09,1403.89,1.7453
17-Apr-09,1410.85,1.7290
20-Apr-09,1350.52,1.7455
21-Apr-09,1379.22,1.7364
22-Apr-09,1368.92,1.7305
23-Apr-09,1382.52,1.7336
24-Apr-09,1405.74,1.7225
27-Apr-09,1391.58,1.7354
28-Apr-09,1387.82,1.7198
29-Apr-09,1417.99,1.7065
30-Apr-09,1416.73,1.7050
01-May-09,1424.41,1.7008
04-May-09,1472.64,1.7017
05-May-09,1467.25,1.6999
06-May-09,1493.31,1.7003
07-May-09,1473.66,1.6780
08-May-09,1509.14,1.6841
11-May-09,1477.2,1.7000
12-May-09,1475.83,1.7006
13-May-09,1436.74,1.7078
14-May-09,1451.79,1.7111
15-May-09,1435.48,1.7036
18-May-09,1479.24,1.6898
19-May-09,1476.94,1.6894
20-May-09,1469.47,1.6969
21-May-09,1445.28,1.6707
22-May-09,1443.14,1.6602
26-May-09,1481.1,1.6468
27-May-09,1453.28,1.6229
28-May-09,1475.94,1.6385
29-May-09,1495.97,1.6562
01-Jun-09,1534.65,1.6312
02-Jun-09,1537.69,1.6385
03-Jun-09,1516.88,1.6470
04-Jun-09,1534.59,1.6274
05-Jun-09,1530.82,1.6133
08-Jun-09,1529.59,1.6091
09-Jun-09,1535.03,1.6132
10-Jun-09,1529.76,1.6033
11-Jun-09,1539.5,1.6147
12-Jun-09,1541.7,1.6220
15-Jun-09,1505.06,1.6335
16-Jun-09,1485.92,1.6400
17-Jun-09,1483.9,1.6371
18-Jun-09,1496.59,1.6203
19-Jun-09,1501.25,1.6275
22-Jun-09,1455.54,1.6408
23-Jun-09,1458.92,1.6479
24-Jun-09,1468.48,1.6400
25-Jun-09,1499.98,1.6583
26-Jun-09,1498.08,1.6605
29-Jun-09,1511.7,1.6678
30-Jun-09,1498.94,1.6610
01-Jul-09,1505.64,1.6611
02-Jul-09,1461.8,1.6660
06-Jul-09,1465.58,1.6658
07-Jul-09,1436.74,1.6715
08-Jul-09,1435.2,1.6892
09-Jul-09,1440.3,1.6777
10-Jul-09,1434.5,1.6899
13-Jul-09,1470.43,1.6837
14-Jul-09,1478.24,1.6694
15-Jul-09,1522.09,1.6541
16-Jul-09,1535.3,1.6581
17-Jul-09,1534.71,1.6492
20-Jul-09,1552.26,1.6557
21-Jul-09,1557.91,1.6718
22-Jul-09,1557.37,1.6647
23-Jul-09,1593.65,1.6514
24-Jul-09,1598.5,1.6516
27-Jul-09,1603.26,1.6442
28-Jul-09,1599.09,1.6495
29-Jul-09,1592,1.6524
30-Jul-09,1611.14,1.6584
31-Jul-09,1612.31,1.6747
03-Aug-09,1637.06,1.6569
04-Aug-09,1642.03,1.6517
05-Aug-09,1637.81,1.6451
06-Aug-09,1628.82,1.6457
07-Aug-09,1650.73,1.6342
10-Aug-09,1645.26,1.6441
11-Aug-09,1624.91,1.6573
12-Aug-09,1644.23,1.6512
13-Aug-09,1655.66,1.6653
14-Aug-09,1641.54,1.6683
17-Aug-09,1602.06,1.6808
18-Aug-09,1618.6,1.6761
19-Aug-09,1629.92,1.6839
20-Aug-09,1647.85,1.6864
21-Aug-09,1678.84,1.6694
24-Aug-09,1677.94,1.6814
25-Aug-09,1681.92,1.6865
26-Aug-09,1682.29,1.6870
27-Aug-09,1687.16,1.6847
28-Aug-09,1684.05,1.6858
31-Aug-09,1670.52,1.6920
01-Sep-09,1633.63,1.6969
02-Sep-09,1628.66,1.7059
03-Sep-09,1642.68,1.7021
04-Sep-09,1664.34,1.6899
08-Sep-09,1679.32,1.6864
09-Sep-09,1692.48,1.6904
10-Sep-09,1710.14,1.7077
11-Sep-09,1708.18,1.7072
14-Sep-09,1719.04,1.6993
15-Sep-09,1724.45,1.6944
16-Sep-09,1750.91,1.6941
17-Sep-09,1745.8,1.7039
18-Sep-09,1750.43,1.6947
21-Sep-09,1744.47,1.6936
22-Sep-09,1755.99,1.6974
23-Sep-09,1738.32,1.7014
24-Sep-09,1722.02,1.7045
25-Sep-09,1711.53,1.7121
28-Sep-09,1742.32,1.7182
29-Sep-09,1738.48,1.7167
30-Sep-09,1732.86,1.7147
01-Oct-09,1688.24,1.7329
02-Oct-09,1680.7,1.7275
05-Oct-09,1705.73,1.7274
06-Oct-09,1729.14,1.7227
07-Oct-09,1734.74,1.7331
08-Oct-09,1747.7,1.7244
09-Oct-09,1757.6,1.7052
13-Oct-09,1760.51,1.7108
14-Oct-09,1791.47,1.7018
15-Oct-09,1798.91,1.6957
16-Oct-09,1784.35,1.7026
19-Oct-09,1801.12,1.7063
20-Oct-09,1789.93,1.7129
21-Oct-09,1774.33,1.7068
22-Oct-09,1793.34,1.7020
23-Oct-09,1771.5,1.6926
26-Oct-09,1750.75,1.6837
27-Oct-09,1744.95,1.6992
28-Oct-09,1711.09,1.7039
29-Oct-09,1749.76,1.6928
30-Oct-09,1700.67,1.7085
02-Nov-09,1711.65,1.7045
03-Nov-09,1715.81,1.6978
04-Nov-09,1718.21,1.6897
05-Nov-09,1751.45,1.6898
06-Nov-09,1756.07,1.6941
09-Nov-09,1795.56,1.6958
10-Nov-09,1795.9,1.6976
12-Nov-09,1786.66,1.7025
13-Nov-09,1796.93,1.7052
16-Nov-09,1823.29,1.7174
17-Nov-09,1825.18,1.7182
18-Nov-09,1824.61,1.7131
19-Nov-09,1800.12,1.7170
20-Nov-09,1794.65,1.7126
23-Nov-09,1819.17,1.7157
24-Nov-09,1818.31,1.7225
25-Nov-09,1826.74,1.7276
27-Nov-09,1795.7,1.7366
30-Nov-09,1802.68,1.7384
01-Dec-09,1824.54,1.7285
02-Dec-09,1825.4,1.7264
03-Dec-09,1810.13,1.7181
04-Dec-09,1820.11,1.7061
07-Dec-09,1815.7,1.7146
08-Dec-09,1797.31,1.7207
09-Dec-09,1804.1,1.7145
10-Dec-09,1814.81,1.7069
11-Dec-09,1821.8,1.7022
14-Dec-09,1834.55,1.7027
15-Dec-09,1824.37,1.6978
16-Dec-09,1826.45,1.6968
17-Dec-09,1804.96,1.7123
18-Dec-09,1815.5,1.7053
21-Dec-09,1834.59,1.6893
22-Dec-09,1841.17,1.6808
23-Dec-09,1845.8,1.6805
24-Dec-09,1855.5,1.6750
28-Dec-09,1857.89,1.6703
29-Dec-09,1855.61,1.6759
30-Dec-09,1856.14,1.6774
31-Dec-09,1837.5,1.6724
04-Jan-10,1867.06,1.6747
05-Jan-10,1872.9,1.6814
06-Jan-10,1874.73,1.6749
07-Jan-10,1882.34,1.6751
08-Jan-10,1887.77,1.6750
11-Jan-10,1891.06,1.6773
12-Jan-10,1873.32,1.6908
13-Jan-10,1889.1,1.6809
14-Jan-10,1893.72,1.6870
15-Jan-10,1873.3,1.6938
19-Jan-10,1896.72,1.6918
20-Jan-10,1876.9,1.6972
21-Jan-10,1841.39,1.7051
22-Jan-10,1800.61,1.7031
25-Jan-10,1808.93,1.7023
26-Jan-10,1801.34,1.7024
27-Jan-10,1810.21,1.6999
28-Jan-10,1788.97,1.7010
29-Jan-10,1771.4,1.7072
01-Feb-10,1796.67,1.6989
02-Feb-10,1819.99,1.7010
03-Feb-10,1810.64,1.6934
04-Feb-10,1754.3,1.7066
05-Feb-10,1759.38,1.7116
08-Feb-10,1744.37,1.7134
09-Feb-10,1767.18,1.7042
10-Feb-10,1763.69,1.6985
11-Feb-10,1781.01,1.6962
12-Feb-10,1776.5,1.6996
16-Feb-10,1808.72,1.7043
17-Feb-10,1816.7,1.6948
18-Feb-10,1828.81,1.6867
19-Feb-10,1833.09,1.6898
22-Feb-10,1831.21,1.6881
23-Feb-10,1809.05,1.7017
24-Feb-10,1826.99,1.7015
25-Feb-10,1823.64,1.7092
26-Feb-10,1826.27,1.7108
01-Mar-10,1844.87,1.7127
02-Mar-10,1849.17,1.7133
03-Mar-10,1850.24,1.7117
04-Mar-10,1857.2,1.7139
05-Mar-10,1883.28,1.7045
08-Mar-10,1883.29,1.7005
09-Mar-10,1886.6,1.7034
10-Mar-10,1895.38,1.7004
11-Mar-10,1903.68,1.6999
12-Mar-10,1903.29,1.7032
15-Mar-10,1904.19,1.7051
16-Mar-10,1919.02,1.7109
17-Mar-10,1930.22,1.7122
18-Mar-10,1929.63,1.7081
19-Mar-10,1919.8,1.7059
22-Mar-10,1929.64,1.7112
23-Mar-10,1943.7,1.7091
24-Mar-10,1933.04,1.6883
25-Mar-10,1929.75,1.6852
26-Mar-10,1931.18,1.6892
29-Mar-10,1942.51,1.6876
30-Mar-10,1942.81,1.6888
31-Mar-10,1936.48,1.6929
01-Apr-10,1950.91,1.6876
05-Apr-10,1966.44,1.6716
06-Apr-10,1969.76,1.6768
07-Apr-10,1959.04,1.6901
08-Apr-10,1965.72,1.6857
09-Apr-10,1978.86,1.6870
12-Apr-10,1982.4,1.6934
13-Apr-10,1983.91,1.6963
14-Apr-10,2006.06,1.6911
15-Apr-10,2007.74,1.6950
16-Apr-10,1975.36,1.7043
19-Apr-10,1984.32,1.7001
20-Apr-10,2000.33,1.7004
21-Apr-10,1998.31,1.7091
22-Apr-10,2002.93,1.7045
23-Apr-10,2017.19,1.6993
26-Apr-10,2008.55,1.7006
27-Apr-10,1961.6,1.7167
28-Apr-10,1974.63,1.7066
29-Apr-10,2000.34,1.7123
30-Apr-10,1967.05,1.7211
03-May-10,1992.87,1.7182
04-May-10,1945.37,1.7289
05-May-10,1933.25,1.7316
06-May-10,1870.95,1.7471
07-May-10,1842.32,1.7445
10-May-10,1923.39,1.7321
11-May-10,1917.25,1.7355
12-May-10,1944.25,1.7308
13-May-10,1920.76,1.7369
14-May-10,1884.67,1.7447
17-May-10,1887.11,1.7429
18-May-10,1860.65,1.7605
19-May-10,1851.28,1.7574
20-May-10,1779.3,1.7770
21-May-10,1806.05,1.7738
24-May-10,1782.77,1.7798
25-May-10,1783.4,1.7835
26-May-10,1773.65,1.7797
27-May-10,1832.61,1.7572
28-May-10,1809.98,1.7653
01-Jun-10,1778.99,1.7705
02-Jun-10,1825.25,1.7617
03-Jun-10,1832.72,1.7590
04-Jun-10,1769.72,1.7799
07-Jun-10,1745.87,1.7883
08-Jun-10,1765.29,1.7831
09-Jun-10,1754.91,1.7847
10-Jun-10,1806.69,1.7664
11-Jun-10,1815.26,1.7780
14-Jun-10,1812.02,1.7769
15-Jun-10,1854.61,1.7709
16-Jun-10,1853.62,1.7771
17-Jun-10,1856.25,1.7862
18-Jun-10,1858.7,1.7824
21-Jun-10,1851.55,1.7802
22-Jun-10,1822.05,1.7907
23-Jun-10,1816.65,1.7971
24-Jun-10,1786.13,1.7948
25-Jun-10,1791.24,1.7990
28-Jun-10,1787.94,1.8110
29-Jun-10,1732.55,1.8205
30-Jun-10,1715.23,1.8231
01-Jul-10,1709.77,1.8211
02-Jul-10,1701.86,1.8162
06-Jul-10,1710.97,1.8238
07-Jul-10,1765.42,1.8164
08-Jul-10,1782.1,1.8089
09-Jul-10,1794.94,1.8057
12-Jul-10,1796.3,1.8047
13-Jul-10,1824.07,1.7962
14-Jul-10,1823.82,1.8078
15-Jul-10,1826,1.8158
16-Jul-10,1773.43,1.8265
19-Jul-10,1784.06,1.8217
20-Jul-10,1804.48,1.8236
21-Jul-10,1781.6,1.8344
22-Jul-10,1821.76,1.8255
23-Jul-10,1836.75,1.8168
26-Jul-10,1857.34,1.8175
27-Jul-10,1855.39,1.8095
28-Jul-10,1842.66,1.8190
29-Jul-10,1835.29,1.8186
30-Jul-10,1835.4,1.8293
02-Aug-10,1875.85,1.8235
03-Aug-10,1866.87,1.8306
04-Aug-10,1878.81,1.8254
05-Aug-10,1876.51,1.8331
06-Aug-10,1869.77,1.8437
09-Aug-10,1880.06,1.8433
10-Aug-10,1868.88,1.8518
11-Aug-10,1817.13,1.8613
12-Aug-10,1807.61,1.8575
13-Aug-10,1800.39,1.8669
16-Aug-10,1800.7,1.8820
17-Aug-10,1823.18,1.8720
18-Aug-10,1826.14,1.8715
19-Aug-10,1795.24,1.8794
20-Aug-10,1788.67,1.8748
23-Aug-10,1781.47,1.8777
24-Aug-10,1755.65,1.8920
25-Aug-10,1761.62,1.8854
26-Aug-10,1748.14,1.8937
27-Aug-10,1777.6,1.8704
30-Aug-10,1751.79,1.8868
31-Aug-10,1752.55,1.8946
01-Sep-10,1804.46,1.8802
02-Sep-10,1820.98,1.8729
03-Sep-10,1845.1,1.8623
07-Sep-10,1824.05,1.8775
08-Sep-10,1836.21,1.8705
09-Sep-10,1845.09,1.8562
10-Sep-10,1854.1,1.8512
13-Sep-10,1875.41,1.8578
14-Sep-10,1874.07,1.8678
15-Sep-10,1880.74,1.8622
16-Sep-10,1880.37,1.8573
17-Sep-10,1881.93,1.8607
20-Sep-10,1910.6,1.8661
21-Sep-10,1905.74,1.8838
22-Sep-10,1896.77,1.8867
23-Sep-10,1880.97,1.8877
24-Sep-10,1920.84,1.8790
27-Sep-10,1909.98,1.8908
28-Sep-10,1919.59,1.8996
29-Sep-10,1914.84,1.8949
30-Sep-10,1908.95,1.8930
01-Oct-10,1917.42,1.8934
04-Oct-10,1902.15,1.9000
05-Oct-10,1941.82,1.9007
06-Oct-10,1941.5,1.9125
07-Oct-10,1938.31,1.9151
08-Oct-10,1950.18,1.9141
12-Oct-10,1957.92,1.9083
13-Oct-10,1972.08,1.9099
14-Oct-10,1964.9,1.8957
15-Oct-10,1968.87,1.8868
18-Oct-10,1983.17,1.8963
19-Oct-10,1951.67,1.9012
20-Oct-10,1972.51,1.9009
21-Oct-10,1976.12,1.8904
22-Oct-10,1980.83,1.8889
25-Oct-10,1985.11,1.8882
26-Oct-10,1985.13,1.8760
27-Oct-10,1980.05,1.8633
28-Oct-10,1982.45,1.8728
29-Oct-10,1981.59,1.8831
01-Nov-10,1983.47,1.8795
02-Nov-10,1998.86,1.8851
03-Nov-10,2006.58,1.8879
04-Nov-10,2045.62,1.9012
05-Nov-10,2053.77,1.8943
08-Nov-10,2049.69,1.8915
09-Nov-10,2033.85,1.8744
10-Nov-10,2043.16,1.8849
12-Nov-10,2010.57,1.8612
15-Nov-10,2008.25,1.8341
16-Nov-10,1976.26,1.8536
17-Nov-10,1977,1.8473
18-Nov-10,2007.38,1.8440
19-Nov-10,2012.59,1.8480
22-Nov-10,2009.52,1.8598
23-Nov-10,1980.89,1.8643
24-Nov-10,2010.56,1.8422
26-Nov-10,1996.03,1.8501
29-Nov-10,1993.83,1.8579
30-Nov-10,1981.84,1.8617
01-Dec-10,2024.97,1.8384
02-Dec-10,2050.96,1.8341
03-Dec-10,2056.4,1.8320
06-Dec-10,2053.8,1.8429
07-Dec-10,2054.89,1.8145
08-Dec-10,2063.03,1.7939
09-Dec-10,2071.12,1.8021
10-Dec-10,2083.57,1.7866
13-Dec-10,2084,1.7936
14-Dec-10,2085.93,1.7687
15-Dec-10,2075.29,1.7610
16-Dec-10,2088.19,1.7755
17-Dec-10,2089.95,1.7880
20-Dec-10,2095.32,1.7890
21-Dec-10,2108.26,1.7938
22-Dec-10,2115.69,1.7878
23-Dec-10,2112.37,1.7832
27-Dec-10,2113.67,1.7916
28-Dec-10,2115.32,1.7717
29-Dec-10,2117.83,1.7892
30-Dec-10,2114.7,1.7879
31-Dec-10,2114.29,1.8005
