Date,SP500
03-Jan-2000,1455.219971
04-Jan-2000,1399.420044
05-Jan-2000,1402.109985
06-Jan-2000,1403.449951
07-Jan-2000,1441.469971
10-Jan-2000,1457.599976
11-Jan-2000,1438.560059
12-Jan-2000,1432.25
13-Jan-2000,1449.680054
14-Jan-2000,1465.150024
18-Jan-2000,1455.140015
19-Jan-2000,1455.900024
20-Jan-2000,1445.569946
21-Jan-2000,1441.359985
24-Jan-2000,1401.530029
25-Jan-2000,1410.030029
26-Jan-2000,1404.089966
27-Jan-2000,1398.560059
28-Jan-2000,1360.160034
31-Jan-2000,1394.459961
01-Feb-2000,1409.280029
02-Feb-2000,1409.119995
03-Feb-2000,1424.969971
04-Feb-2000,1424.369995
07-Feb-2000,1424.23999
08-Feb-2000,1441.719971
09-Feb-2000,1411.709961
10-Feb-2000,1416.829956
11-Feb-2000,1387.119995
14-Feb-2000,1389.939941
15-Feb-2000,1402.050049
16-Feb-2000,1387.670044
17-Feb-2000,1388.26001
18-Feb-2000,1346.089966
22-Feb-2000,1352.170044
23-Feb-2000,1360.689941
24-Feb-2000,1353.430054
25-Feb-2000,1333.359985
28-Feb-2000,1348.050049
29-Feb-2000,1366.420044
01-Mar-2000,1379.189941
02-Mar-2000,1381.76001
03-Mar-2000,1409.170044
06-Mar-2000,1391.280029
07-Mar-2000,1355.619995
08-Mar-2000,1366.699951
09-Mar-2000,1401.689941
10-Mar-2000,1395.069946
13-Mar-2000,1383.619995
14-Mar-2000,1359.150024
15-Mar-2000,1392.140015
16-Mar-2000,1458.469971
17-Mar-2000,1464.469971
20-Mar-2000,1456.630005
21-Mar-2000,1493.869995
22-Mar-2000,1500.640015
23-Mar-2000,1527.349976
24-Mar-2000,1527.459961
27-Mar-2000,1523.859985
28-Mar-2000,1507.72998
29-Mar-2000,1508.52002
30-Mar-2000,1487.920044
31-Mar-2000,1498.579956
03-Apr-2000,1505.969971
04-Apr-2000,1494.72998
05-Apr-2000,1487.369995
06-Apr-2000,1501.339966
07-Apr-2000,1516.349976
10-Apr-2000,1504.459961
11-Apr-2000,1500.589966
12-Apr-2000,1467.170044
13-Apr-2000,1440.51001
14-Apr-2000,1356.560059
17-Apr-2000,1401.439941
18-Apr-2000,1441.609985
19-Apr-2000,1427.469971
20-Apr-2000,1434.540039
24-Apr-2000,1429.859985
25-Apr-2000,1477.439941
26-Apr-2000,1460.98999
27-Apr-2000,1464.920044
28-Apr-2000,1452.430054
01-May-2000,1468.25
02-May-2000,1446.290039
03-May-2000,1415.099976
04-May-2000,1409.569946
05-May-2000,1432.630005
08-May-2000,1424.170044
09-May-2000,1412.140015
10-May-2000,1383.050049
11-May-2000,1407.810059
12-May-2000,1420.959961
15-May-2000,1452.359985
16-May-2000,1466.040039
17-May-2000,1447.800049
18-May-2000,1437.209961
19-May-2000,1406.949951
22-May-2000,1400.719971
23-May-2000,1373.859985
24-May-2000,1399.050049
25-May-2000,1381.52002
26-May-2000,1378.02002
30-May-2000,1422.449951
31-May-2000,1420.599976
01-Jun-2000,1448.810059
02-Jun-2000,1477.26001
05-Jun-2000,1467.630005
06-Jun-2000,1457.839966
07-Jun-2000,1471.359985
08-Jun-2000,1461.670044
09-Jun-2000,1456.949951
12-Jun-2000,1446
13-Jun-2000,1469.439941
14-Jun-2000,1470.540039
15-Jun-2000,1478.72998
16-Jun-2000,1464.459961
19-Jun-2000,1486
20-Jun-2000,1475.949951
21-Jun-2000,1479.130005
22-Jun-2000,1452.180054
23-Jun-2000,1441.47998
26-Jun-2000,1455.310059
27-Jun-2000,1450.550049
28-Jun-2000,1454.819946
29-Jun-2000,1442.390015
30-Jun-2000,1454.599976
03-Jul-2000,1469.540039
05-Jul-2000,1446.22998
06-Jul-2000,1456.670044
07-Jul-2000,1478.900024
10-Jul-2000,1475.619995
11-Jul-2000,1480.880005
12-Jul-2000,1492.920044
13-Jul-2000,1495.839966
14-Jul-2000,1509.97998
17-Jul-2000,1510.48999
18-Jul-2000,1493.73999
19-Jul-2000,1481.959961
20-Jul-2000,1495.569946
21-Jul-2000,1480.189941
24-Jul-2000,1464.290039
25-Jul-2000,1474.469971
26-Jul-2000,1452.420044
27-Jul-2000,1449.619995
28-Jul-2000,1419.890015
31-Jul-2000,1430.829956
01-Aug-2000,1438.099976
02-Aug-2000,1438.699951
03-Aug-2000,1452.560059
04-Aug-2000,1462.930054
07-Aug-2000,1479.319946
08-Aug-2000,1482.800049
09-Aug-2000,1472.869995
10-Aug-2000,1460.25
11-Aug-2000,1471.839966
14-Aug-2000,1491.560059
15-Aug-2000,1484.430054
16-Aug-2000,1479.849976
17-Aug-2000,1496.069946
18-Aug-2000,1491.719971
21-Aug-2000,1499.47998
22-Aug-2000,1498.130005
23-Aug-2000,1505.969971
24-Aug-2000,1508.310059
25-Aug-2000,1506.449951
28-Aug-2000,1514.089966
29-Aug-2000,1509.839966
30-Aug-2000,1502.589966
31-Aug-2000,1517.680054
01-Sep-2000,1520.77002
05-Sep-2000,1507.079956
06-Sep-2000,1492.25
07-Sep-2000,1502.51001
08-Sep-2000,1494.5
11-Sep-2000,1489.26001
12-Sep-2000,1481.98999
13-Sep-2000,1484.910034
14-Sep-2000,1480.869995
15-Sep-2000,1465.810059
18-Sep-2000,1444.51001
19-Sep-2000,1459.900024
20-Sep-2000,1451.339966
21-Sep-2000,1449.050049
22-Sep-2000,1448.719971
25-Sep-2000,1439.030029
26-Sep-2000,1427.209961
27-Sep-2000,1426.569946
28-Sep-2000,1458.290039
29-Sep-2000,1436.51001
02-Oct-2000,1436.22998
03-Oct-2000,1426.459961
04-Oct-2000,1434.319946
05-Oct-2000,1436.280029
06-Oct-2000,1408.98999
09-Oct-2000,1402.030029
10-Oct-2000,1387.02002
11-Oct-2000,1364.589966
12-Oct-2000,1329.780029
13-Oct-2000,1374.170044
16-Oct-2000,1374.619995
17-Oct-2000,1349.969971
18-Oct-2000,1342.130005
19-Oct-2000,1388.76001
20-Oct-2000,1396.930054
23-Oct-2000,1395.780029
24-Oct-2000,1398.130005
25-Oct-2000,1364.900024
26-Oct-2000,1364.439941
27-Oct-2000,1379.579956
30-Oct-2000,1398.660034
31-Oct-2000,1429.400024
01-Nov-2000,1421.219971
02-Nov-2000,1428.319946
03-Nov-2000,1426.689941
06-Nov-2000,1432.189941
07-Nov-2000,1431.869995
08-Nov-2000,1409.280029
09-Nov-2000,1400.140015
10-Nov-2000,1365.97998
13-Nov-2000,1351.26001
14-Nov-2000,1382.949951
15-Nov-2000,1389.810059
16-Nov-2000,1372.319946
17-Nov-2000,1367.719971
20-Nov-2000,1342.619995
21-Nov-2000,1347.349976
22-Nov-2000,1322.359985
24-Nov-2000,1341.77002
27-Nov-2000,1348.969971
28-Nov-2000,1336.089966
29-Nov-2000,1341.930054
30-Nov-2000,1314.949951
01-Dec-2000,1315.22998
04-Dec-2000,1324.969971
05-Dec-2000,1376.540039
06-Dec-2000,1351.459961
07-Dec-2000,1343.550049
08-Dec-2000,1369.890015
11-Dec-2000,1380.199951
12-Dec-2000,1371.180054
13-Dec-2000,1359.98999
14-Dec-2000,1340.930054
15-Dec-2000,1312.150024
18-Dec-2000,1322.73999
19-Dec-2000,1305.599976
20-Dec-2000,1264.73999
21-Dec-2000,1274.859985
22-Dec-2000,1305.949951
26-Dec-2000,1315.189941
27-Dec-2000,1328.920044
28-Dec-2000,1334.219971
29-Dec-2000,1320.280029
02-Jan-2001,1283.27002
03-Jan-2001,1347.560059
04-Jan-2001,1333.339966
05-Jan-2001,1298.349976
08-Jan-2001,1295.859985
09-Jan-2001,1300.800049
10-Jan-2001,1313.27002
11-Jan-2001,1326.819946
12-Jan-2001,1318.550049
16-Jan-2001,1326.650024
17-Jan-2001,1329.469971
18-Jan-2001,1347.969971
19-Jan-2001,1342.540039
22-Jan-2001,1342.900024
23-Jan-2001,1360.400024
24-Jan-2001,1364.300049
25-Jan-2001,1357.51001
26-Jan-2001,1354.949951
29-Jan-2001,1364.170044
30-Jan-2001,1373.72998
31-Jan-2001,1366.01001
01-Feb-2001,1373.469971
02-Feb-2001,1349.469971
05-Feb-2001,1354.310059
06-Feb-2001,1352.26001
07-Feb-2001,1340.890015
08-Feb-2001,1332.530029
09-Feb-2001,1314.76001
12-Feb-2001,1330.310059
13-Feb-2001,1318.800049
14-Feb-2001,1315.920044
15-Feb-2001,1326.609985
16-Feb-2001,1301.530029
20-Feb-2001,1278.939941
21-Feb-2001,1255.27002
22-Feb-2001,1252.819946
23-Feb-2001,1245.859985
26-Feb-2001,1267.650024
27-Feb-2001,1257.939941
28-Feb-2001,1239.939941
01-Mar-2001,1241.22998
02-Mar-2001,1234.180054
05-Mar-2001,1241.410034
06-Mar-2001,1253.800049
07-Mar-2001,1261.890015
08-Mar-2001,1264.73999
09-Mar-2001,1233.420044
12-Mar-2001,1180.160034
13-Mar-2001,1197.660034
14-Mar-2001,1166.709961
15-Mar-2001,1173.560059
16-Mar-2001,1150.530029
19-Mar-2001,1170.810059
20-Mar-2001,1142.619995
21-Mar-2001,1122.140015
22-Mar-2001,1117.579956
23-Mar-2001,1139.829956
26-Mar-2001,1152.689941
27-Mar-2001,1182.170044
28-Mar-2001,1153.290039
29-Mar-2001,1147.949951
30-Mar-2001,1160.329956
02-Apr-2001,1145.869995
03-Apr-2001,1106.459961
04-Apr-2001,1103.25
05-Apr-2001,1151.439941
06-Apr-2001,1128.430054
09-Apr-2001,1137.589966
10-Apr-2001,1168.380005
11-Apr-2001,1165.890015
12-Apr-2001,1183.5
16-Apr-2001,1179.680054
17-Apr-2001,1191.810059
18-Apr-2001,1238.160034
19-Apr-2001,1253.689941
20-Apr-2001,1242.97998
23-Apr-2001,1224.359985
24-Apr-2001,1209.469971
25-Apr-2001,1228.75
26-Apr-2001,1234.52002
27-Apr-2001,1253.050049
30-Apr-2001,1249.459961
01-May-2001,1266.439941
02-May-2001,1267.430054
03-May-2001,1248.579956
04-May-2001,1266.609985
07-May-2001,1263.51001
08-May-2001,1261.199951
09-May-2001,1255.540039
10-May-2001,1255.180054
11-May-2001,1245.670044
14-May-2001,1248.920044
15-May-2001,1249.439941
16-May-2001,1284.98999
17-May-2001,1288.48999
18-May-2001,1291.959961
21-May-2001,1312.829956
22-May-2001,1309.380005
23-May-2001,1289.050049
24-May-2001,1293.170044
25-May-2001,1277.890015
29-May-2001,1267.930054
30-May-2001,1248.079956
31-May-2001,1255.819946
01-Jun-2001,1260.670044
04-Jun-2001,1267.109985
05-Jun-2001,1283.569946
06-Jun-2001,1270.030029
07-Jun-2001,1276.959961
08-Jun-2001,1264.959961
11-Jun-2001,1254.390015
12-Jun-2001,1255.849976
13-Jun-2001,1241.599976
14-Jun-2001,1219.869995
15-Jun-2001,1214.359985
18-Jun-2001,1208.430054
19-Jun-2001,1212.579956
20-Jun-2001,1223.140015
21-Jun-2001,1237.040039
22-Jun-2001,1225.349976
25-Jun-2001,1218.599976
26-Jun-2001,1216.76001
27-Jun-2001,1211.069946
28-Jun-2001,1226.199951
29-Jun-2001,1224.380005
02-Jul-2001,1236.719971
03-Jul-2001,1234.449951
05-Jul-2001,1219.23999
06-Jul-2001,1190.589966
09-Jul-2001,1198.780029
10-Jul-2001,1181.52002
11-Jul-2001,1180.180054
12-Jul-2001,1208.140015
13-Jul-2001,1215.680054
16-Jul-2001,1202.449951
17-Jul-2001,1214.439941
18-Jul-2001,1207.709961
19-Jul-2001,1215.02002
20-Jul-2001,1210.849976
23-Jul-2001,1191.030029
24-Jul-2001,1171.650024
25-Jul-2001,1190.48999
26-Jul-2001,1202.930054
27-Jul-2001,1205.819946
30-Jul-2001,1204.52002
31-Jul-2001,1211.22998
01-Aug-2001,1215.930054
02-Aug-2001,1220.75
03-Aug-2001,1214.349976
06-Aug-2001,1200.47998
07-Aug-2001,1204.400024
08-Aug-2001,1183.530029
09-Aug-2001,1183.430054
10-Aug-2001,1190.160034
13-Aug-2001,1191.290039
14-Aug-2001,1186.72998
15-Aug-2001,1178.02002
16-Aug-2001,1181.660034
17-Aug-2001,1161.969971
20-Aug-2001,1171.410034
21-Aug-2001,1157.26001
22-Aug-2001,1165.310059
23-Aug-2001,1162.089966
24-Aug-2001,1184.930054
27-Aug-2001,1179.209961
28-Aug-2001,1161.51001
29-Aug-2001,1148.560059
30-Aug-2001,1129.030029
31-Aug-2001,1133.579956
04-Sep-2001,1132.939941
05-Sep-2001,1131.73999
06-Sep-2001,1106.400024
07-Sep-2001,1085.780029
10-Sep-2001,1092.540039
17-Sep-2001,1038.77002
18-Sep-2001,1032.73999
19-Sep-2001,1016.099976
20-Sep-2001,984.539978
21-Sep-2001,965.7999878
24-Sep-2001,1003.450012
25-Sep-2001,1012.27002
26-Sep-2001,1007.039978
27-Sep-2001,1018.609985
28-Sep-2001,1040.939941
01-Oct-2001,1038.550049
02-Oct-2001,1051.329956
03-Oct-2001,1072.280029
04-Oct-2001,1069.630005
05-Oct-2001,1071.380005
08-Oct-2001,1062.439941
09-Oct-2001,1056.75
10-Oct-2001,1080.98999
11-Oct-2001,1097.430054
12-Oct-2001,1091.650024
15-Oct-2001,1089.97998
16-Oct-2001,1097.540039
17-Oct-2001,1077.089966
18-Oct-2001,1068.609985
19-Oct-2001,1073.47998
22-Oct-2001,1089.900024
23-Oct-2001,1084.780029
24-Oct-2001,1085.199951
25-Oct-2001,1100.089966
26-Oct-2001,1104.609985
29-Oct-2001,1078.300049
30-Oct-2001,1059.790039
31-Oct-2001,1059.780029
01-Nov-2001,1084.099976
02-Nov-2001,1087.199951
05-Nov-2001,1102.839966
06-Nov-2001,1118.859985
07-Nov-2001,1115.800049
08-Nov-2001,1118.540039
09-Nov-2001,1120.310059
12-Nov-2001,1118.329956
13-Nov-2001,1139.089966
14-Nov-2001,1141.209961
15-Nov-2001,1142.23999
16-Nov-2001,1138.650024
19-Nov-2001,1151.060059
20-Nov-2001,1142.660034
21-Nov-2001,1137.030029
23-Nov-2001,1150.339966
26-Nov-2001,1157.420044
27-Nov-2001,1149.5
28-Nov-2001,1128.52002
29-Nov-2001,1140.199951
30-Nov-2001,1139.449951
03-Dec-2001,1129.900024
04-Dec-2001,1144.800049
05-Dec-2001,1170.349976
06-Dec-2001,1167.099976
07-Dec-2001,1158.310059
10-Dec-2001,1139.930054
11-Dec-2001,1136.76001
12-Dec-2001,1137.069946
13-Dec-2001,1119.380005
14-Dec-2001,1123.089966
17-Dec-2001,1134.359985
18-Dec-2001,1142.920044
19-Dec-2001,1149.560059
20-Dec-2001,1139.930054
21-Dec-2001,1144.890015
24-Dec-2001,1144.650024
26-Dec-2001,1149.369995
27-Dec-2001,1157.130005
28-Dec-2001,1161.02002
31-Dec-2001,1148.079956
02-Jan-2002,1154.670044
03-Jan-2002,1165.27002
04-Jan-2002,1172.51001
07-Jan-2002,1164.890015
08-Jan-2002,1160.709961
09-Jan-2002,1155.140015
10-Jan-2002,1156.550049
11-Jan-2002,1145.599976
14-Jan-2002,1138.410034
15-Jan-2002,1146.189941
16-Jan-2002,1127.569946
17-Jan-2002,1138.880005
18-Jan-2002,1127.579956
22-Jan-2002,1119.310059
23-Jan-2002,1128.180054
24-Jan-2002,1132.150024
25-Jan-2002,1133.280029
28-Jan-2002,1133.060059
29-Jan-2002,1100.640015
30-Jan-2002,1113.569946
31-Jan-2002,1130.199951
01-Feb-2002,1122.199951
04-Feb-2002,1094.439941
05-Feb-2002,1090.02002
06-Feb-2002,1083.51001
07-Feb-2002,1080.170044
08-Feb-2002,1096.219971
11-Feb-2002,1111.939941
12-Feb-2002,1107.5
13-Feb-2002,1118.51001
14-Feb-2002,1116.47998
15-Feb-2002,1104.180054
19-Feb-2002,1083.339966
20-Feb-2002,1097.97998
21-Feb-2002,1080.949951
22-Feb-2002,1089.839966
25-Feb-2002,1109.430054
26-Feb-2002,1109.380005
27-Feb-2002,1109.890015
28-Feb-2002,1106.72998
01-Mar-2002,1131.780029
04-Mar-2002,1153.839966
05-Mar-2002,1146.140015
06-Mar-2002,1162.77002
07-Mar-2002,1157.540039
08-Mar-2002,1164.310059
11-Mar-2002,1168.26001
12-Mar-2002,1165.579956
13-Mar-2002,1154.089966
14-Mar-2002,1153.040039
15-Mar-2002,1166.160034
18-Mar-2002,1165.550049
19-Mar-2002,1170.290039
20-Mar-2002,1151.849976
21-Mar-2002,1153.589966
22-Mar-2002,1148.699951
25-Mar-2002,1131.869995
26-Mar-2002,1138.48999
27-Mar-2002,1144.579956
28-Mar-2002,1147.390015
01-Apr-2002,1146.540039
02-Apr-2002,1136.76001
03-Apr-2002,1125.400024
04-Apr-2002,1126.339966
05-Apr-2002,1122.72998
08-Apr-2002,1125.290039
09-Apr-2002,1117.800049
10-Apr-2002,1130.469971
11-Apr-2002,1103.689941
12-Apr-2002,1111.01001
15-Apr-2002,1102.550049
16-Apr-2002,1128.369995
17-Apr-2002,1126.069946
18-Apr-2002,1124.469971
19-Apr-2002,1125.170044
22-Apr-2002,1107.829956
23-Apr-2002,1100.959961
24-Apr-2002,1093.140015
25-Apr-2002,1091.47998
26-Apr-2002,1076.319946
29-Apr-2002,1065.449951
30-Apr-2002,1076.920044
01-May-2002,1086.459961
02-May-2002,1084.560059
03-May-2002,1073.430054
06-May-2002,1052.670044
07-May-2002,1049.48999
08-May-2002,1088.849976
09-May-2002,1073.01001
10-May-2002,1054.98999
13-May-2002,1074.560059
14-May-2002,1097.280029
15-May-2002,1091.069946
16-May-2002,1098.22998
17-May-2002,1106.589966
20-May-2002,1091.880005
21-May-2002,1079.880005
22-May-2002,1086.02002
23-May-2002,1097.079956
24-May-2002,1083.819946
28-May-2002,1074.550049
29-May-2002,1067.660034
30-May-2002,1064.660034
31-May-2002,1067.140015
03-Jun-2002,1040.680054
04-Jun-2002,1040.689941
05-Jun-2002,1049.900024
06-Jun-2002,1029.150024
07-Jun-2002,1027.530029
10-Jun-2002,1030.73999
11-Jun-2002,1013.599976
12-Jun-2002,1020.26001
13-Jun-2002,1009.559998
14-Jun-2002,1007.27002
17-Jun-2002,1036.170044
18-Jun-2002,1037.140015
19-Jun-2002,1019.98999
20-Jun-2002,1006.289978
21-Jun-2002,989.1400146
24-Jun-2002,992.7199707
25-Jun-2002,976.1400146
26-Jun-2002,973.5300293
27-Jun-2002,990.6400146
28-Jun-2002,989.8200073
01-Jul-2002,968.6500244
02-Jul-2002,948.0900269
03-Jul-2002,953.9899902
05-Jul-2002,989.0300293
08-Jul-2002,976.9799805
09-Jul-2002,952.8300171
10-Jul-2002,920.4699707
11-Jul-2002,927.3699951
12-Jul-2002,921.3900146
15-Jul-2002,917.9299927
16-Jul-2002,900.9400024
17-Jul-2002,906.039978
18-Jul-2002,881.5599976
19-Jul-2002,847.75
22-Jul-2002,819.8499756
23-Jul-2002,797.7000122
24-Jul-2002,843.4299927
25-Jul-2002,838.6799927
26-Jul-2002,852.8400269
29-Jul-2002,898.960022
30-Jul-2002,902.7800293
31-Jul-2002,911.6199951
01-Aug-2002,884.6599731
02-Aug-2002,864.2399902
05-Aug-2002,834.5999756
06-Aug-2002,859.5700073
07-Aug-2002,876.7700195
08-Aug-2002,905.460022
09-Aug-2002,908.6400146
12-Aug-2002,903.7999878
13-Aug-2002,884.210022
14-Aug-2002,919.6199951
15-Aug-2002,930.25
16-Aug-2002,928.7700195
19-Aug-2002,950.7000122
20-Aug-2002,937.4299927
21-Aug-2002,949.3599854
22-Aug-2002,962.7000122
23-Aug-2002,940.8599854
26-Aug-2002,947.9500122
27-Aug-2002,934.8200073
28-Aug-2002,917.8699951
29-Aug-2002,917.7999878
30-Aug-2002,916.0700073
03-Sep-2002,878.0200195
04-Sep-2002,893.4000244
05-Sep-2002,879.1500244
06-Sep-2002,893.9199829
09-Sep-2002,902.960022
10-Sep-2002,909.5800171
11-Sep-2002,909.4500122
12-Sep-2002,886.9099731
13-Sep-2002,889.8099976
16-Sep-2002,891.0999756
17-Sep-2002,873.5200195
18-Sep-2002,869.460022
19-Sep-2002,843.3200073
20-Sep-2002,845.3900146
23-Sep-2002,833.7000122
24-Sep-2002,819.289978
25-Sep-2002,839.6599731
26-Sep-2002,854.9500122
27-Sep-2002,827.3699951
30-Sep-2002,815.2800293
01-Oct-2002,847.9099731
02-Oct-2002,827.9099731
03-Oct-2002,818.9500122
04-Oct-2002,800.5800171
07-Oct-2002,785.2800293
08-Oct-2002,798.5499878
09-Oct-2002,776.7600098
10-Oct-2002,803.9199829
11-Oct-2002,835.3200073
14-Oct-2002,841.4400024
15-Oct-2002,881.2700195
16-Oct-2002,860.0200195
17-Oct-2002,879.2000122
18-Oct-2002,884.3900146
21-Oct-2002,899.7199707
22-Oct-2002,890.1599731
23-Oct-2002,896.1400146
24-Oct-2002,882.5
25-Oct-2002,897.6500244
28-Oct-2002,890.2299805
29-Oct-2002,882.1500244
30-Oct-2002,890.710022
31-Oct-2002,885.7600098
01-Nov-2002,900.960022
04-Nov-2002,908.3499756
05-Nov-2002,915.3900146
06-Nov-2002,923.7600098
07-Nov-2002,902.6500244
08-Nov-2002,894.7399902
11-Nov-2002,876.1900024
12-Nov-2002,882.9500122
13-Nov-2002,882.5300293
14-Nov-2002,904.2700195
15-Nov-2002,909.8300171
18-Nov-2002,900.3599854
19-Nov-2002,896.7399902
20-Nov-2002,914.1500244
21-Nov-2002,933.7600098
22-Nov-2002,930.5499878
25-Nov-2002,932.8699951
26-Nov-2002,913.3099976
27-Nov-2002,938.8699951
29-Nov-2002,936.3099976
02-Dec-2002,934.5300293
03-Dec-2002,920.75
04-Dec-2002,917.5800171
05-Dec-2002,906.5499878
06-Dec-2002,912.2299805
09-Dec-2002,892
10-Dec-2002,904.4500122
11-Dec-2002,904.960022
12-Dec-2002,901.5800171
13-Dec-2002,889.4799805
16-Dec-2002,910.4000244
17-Dec-2002,902.9899902
18-Dec-2002,891.1199951
19-Dec-2002,884.25
20-Dec-2002,895.7600098
23-Dec-2002,897.3800049
24-Dec-2002,892.4699707
26-Dec-2002,889.6599731
27-Dec-2002,875.4000244
30-Dec-2002,879.3900146
31-Dec-2002,879.8200073
02-Jan-2003,909.0300293
03-Jan-2003,908.5900269
06-Jan-2003,929.0100098
07-Jan-2003,922.9299927
08-Jan-2003,909.9299927
09-Jan-2003,927.5700073
10-Jan-2003,927.5700073
13-Jan-2003,926.2600098
14-Jan-2003,931.6599731
15-Jan-2003,918.2199707
16-Jan-2003,914.5999756
17-Jan-2003,901.7800293
21-Jan-2003,887.6199951
22-Jan-2003,878.3599854
23-Jan-2003,887.3400269
24-Jan-2003,861.4000244
27-Jan-2003,847.4799805
28-Jan-2003,858.539978
29-Jan-2003,864.3599854
30-Jan-2003,844.6099854
31-Jan-2003,855.7000122
03-Feb-2003,860.3200073
04-Feb-2003,848.2000122
05-Feb-2003,843.5900269
06-Feb-2003,838.1500244
07-Feb-2003,829.6900024
10-Feb-2003,835.9699707
11-Feb-2003,829.2000122
12-Feb-2003,818.6799927
13-Feb-2003,817.3699951
14-Feb-2003,834.8900146
18-Feb-2003,851.1699829
19-Feb-2003,845.1300049
20-Feb-2003,837.0999756
21-Feb-2003,848.1699829
24-Feb-2003,832.5800171
25-Feb-2003,838.5700073
26-Feb-2003,827.5499878
27-Feb-2003,837.2800293
28-Feb-2003,841.1500244
03-Mar-2003,834.8099976
04-Mar-2003,821.9899902
05-Mar-2003,829.8499756
06-Mar-2003,822.0999756
07-Mar-2003,828.8900146
10-Mar-2003,807.4799805
11-Mar-2003,800.7299805
12-Mar-2003,804.1900024
13-Mar-2003,831.9000244
14-Mar-2003,833.2700195
17-Mar-2003,862.789978
18-Mar-2003,866.4500122
19-Mar-2003,874.0200195
20-Mar-2003,875.6699829
21-Mar-2003,895.789978
24-Mar-2003,864.2299805
25-Mar-2003,874.7399902
26-Mar-2003,869.9500122
27-Mar-2003,868.5200195
28-Mar-2003,863.5
31-Mar-2003,848.1799927
01-Apr-2003,858.4799805
02-Apr-2003,880.9000244
03-Apr-2003,876.4500122
04-Apr-2003,878.8499756
07-Apr-2003,879.9299927
08-Apr-2003,878.289978
09-Apr-2003,865.9899902
10-Apr-2003,871.5800171
11-Apr-2003,868.2999878
14-Apr-2003,885.2299805
15-Apr-2003,890.8099976
16-Apr-2003,879.9099731
17-Apr-2003,893.5800171
21-Apr-2003,892.0100098
22-Apr-2003,911.3699951
23-Apr-2003,919.0200195
24-Apr-2003,911.4299927
25-Apr-2003,898.8099976
28-Apr-2003,914.8400269
29-Apr-2003,917.8400269
30-Apr-2003,916.9199829
01-May-2003,916.2999878
02-May-2003,930.0800171
05-May-2003,926.5499878
06-May-2003,934.3900146
07-May-2003,929.6199951
08-May-2003,920.2700195
09-May-2003,933.4099731
12-May-2003,945.1099854
13-May-2003,942.2999878
14-May-2003,939.2800293
15-May-2003,946.6699829
16-May-2003,944.2999878
19-May-2003,920.7700195
20-May-2003,919.7299805
21-May-2003,923.4199829
22-May-2003,931.8699951
23-May-2003,933.2199707
27-May-2003,951.4799805
28-May-2003,953.2199707
29-May-2003,949.6400146
30-May-2003,963.5900269
02-Jun-2003,967
03-Jun-2003,971.5599976
04-Jun-2003,986.2399902
05-Jun-2003,990.1400146
06-Jun-2003,987.7600098
09-Jun-2003,975.9299927
10-Jun-2003,984.8400269
11-Jun-2003,997.4799805
12-Jun-2003,998.5100098
13-Jun-2003,988.6099854
16-Jun-2003,1010.73999
17-Jun-2003,1011.659973
18-Jun-2003,1010.090027
19-Jun-2003,994.7000122
20-Jun-2003,995.6900024
23-Jun-2003,981.6400146
24-Jun-2003,983.4500122
25-Jun-2003,975.3200073
26-Jun-2003,985.8200073
27-Jun-2003,976.2199707
30-Jun-2003,974.5
01-Jul-2003,982.3200073
02-Jul-2003,993.75
03-Jul-2003,985.7000122
07-Jul-2003,1004.419983
08-Jul-2003,1007.840027
09-Jul-2003,1002.210022
10-Jul-2003,988.7000122
11-Jul-2003,998.1400146
14-Jul-2003,1003.859985
15-Jul-2003,1000.419983
16-Jul-2003,994.0900269
17-Jul-2003,981.7299805
18-Jul-2003,993.3200073
21-Jul-2003,978.7999878
22-Jul-2003,988.1099854
23-Jul-2003,988.6099854
24-Jul-2003,981.5999756
25-Jul-2003,998.6799927
28-Jul-2003,996.5200195
29-Jul-2003,989.2800293
30-Jul-2003,987.4899902
31-Jul-2003,990.3099976
01-Aug-2003,980.1500244
04-Aug-2003,982.8200073
05-Aug-2003,965.460022
06-Aug-2003,967.0800171
07-Aug-2003,974.1199951
08-Aug-2003,977.5900269
11-Aug-2003,980.5900269
12-Aug-2003,990.3499756
13-Aug-2003,984.0300293
14-Aug-2003,990.5100098
15-Aug-2003,990.6699829
18-Aug-2003,999.7399902
19-Aug-2003,1002.349976
20-Aug-2003,1000.299988
21-Aug-2003,1003.27002
22-Aug-2003,993.0599976
25-Aug-2003,993.710022
26-Aug-2003,996.7299805
27-Aug-2003,996.789978
28-Aug-2003,1002.840027
29-Aug-2003,1008.01001
02-Sep-2003,1021.98999
03-Sep-2003,1026.27002
04-Sep-2003,1027.969971
05-Sep-2003,1021.390015
08-Sep-2003,1031.640015
09-Sep-2003,1023.169983
10-Sep-2003,1010.919983
11-Sep-2003,1016.419983
12-Sep-2003,1018.630005
15-Sep-2003,1014.809998
16-Sep-2003,1029.319946
17-Sep-2003,1025.969971
18-Sep-2003,1039.579956
19-Sep-2003,1036.300049
22-Sep-2003,1022.820007
23-Sep-2003,1029.030029
24-Sep-2003,1009.380005
25-Sep-2003,1003.27002
26-Sep-2003,996.8499756
29-Sep-2003,1006.580017
30-Sep-2003,995.9699707
01-Oct-2003,1018.219971
02-Oct-2003,1020.23999
03-Oct-2003,1029.849976
06-Oct-2003,1034.349976
07-Oct-2003,1039.25
08-Oct-2003,1033.780029
09-Oct-2003,1038.72998
10-Oct-2003,1038.060059
13-Oct-2003,1045.349976
14-Oct-2003,1049.47998
15-Oct-2003,1046.76001
16-Oct-2003,1050.069946
17-Oct-2003,1039.319946
20-Oct-2003,1044.680054
21-Oct-2003,1046.030029
22-Oct-2003,1030.359985
23-Oct-2003,1033.77002
24-Oct-2003,1028.910034
27-Oct-2003,1031.130005
28-Oct-2003,1046.790039
29-Oct-2003,1048.109985
30-Oct-2003,1046.939941
31-Oct-2003,1050.709961
03-Nov-2003,1059.02002
04-Nov-2003,1053.25
05-Nov-2003,1051.810059
06-Nov-2003,1058.050049
07-Nov-2003,1053.209961
10-Nov-2003,1047.109985
11-Nov-2003,1046.569946
12-Nov-2003,1058.530029
13-Nov-2003,1058.410034
14-Nov-2003,1050.349976
17-Nov-2003,1043.630005
18-Nov-2003,1034.150024
19-Nov-2003,1042.439941
20-Nov-2003,1033.650024
21-Nov-2003,1035.280029
24-Nov-2003,1052.079956
25-Nov-2003,1053.890015
26-Nov-2003,1058.449951
28-Nov-2003,1058.199951
01-Dec-2003,1070.119995
02-Dec-2003,1066.619995
03-Dec-2003,1064.72998
04-Dec-2003,1069.719971
05-Dec-2003,1061.5
08-Dec-2003,1069.300049
09-Dec-2003,1060.180054
10-Dec-2003,1059.050049
11-Dec-2003,1071.209961
12-Dec-2003,1074.140015
15-Dec-2003,1068.040039
16-Dec-2003,1075.130005
17-Dec-2003,1076.47998
18-Dec-2003,1089.180054
19-Dec-2003,1088.660034
22-Dec-2003,1092.939941
23-Dec-2003,1096.02002
24-Dec-2003,1094.040039
26-Dec-2003,1095.890015
29-Dec-2003,1109.47998
30-Dec-2003,1109.640015
31-Dec-2003,1111.920044
02-Jan-2004,1108.47998
05-Jan-2004,1122.219971
06-Jan-2004,1123.670044
07-Jan-2004,1126.329956
08-Jan-2004,1131.920044
09-Jan-2004,1121.859985
12-Jan-2004,1127.22998
13-Jan-2004,1121.219971
14-Jan-2004,1130.52002
15-Jan-2004,1132.050049
16-Jan-2004,1139.829956
20-Jan-2004,1138.77002
21-Jan-2004,1147.619995
22-Jan-2004,1143.939941
23-Jan-2004,1141.550049
26-Jan-2004,1155.369995
27-Jan-2004,1144.050049
28-Jan-2004,1128.47998
29-Jan-2004,1134.109985
30-Jan-2004,1131.130005
02-Feb-2004,1135.26001
03-Feb-2004,1136.030029
04-Feb-2004,1126.52002
05-Feb-2004,1128.589966
06-Feb-2004,1142.76001
09-Feb-2004,1139.810059
10-Feb-2004,1145.540039
11-Feb-2004,1157.76001
12-Feb-2004,1152.109985
13-Feb-2004,1145.810059
17-Feb-2004,1156.98999
18-Feb-2004,1151.819946
19-Feb-2004,1147.060059
20-Feb-2004,1144.109985
23-Feb-2004,1140.98999
24-Feb-2004,1139.089966
25-Feb-2004,1143.670044
26-Feb-2004,1144.910034
27-Feb-2004,1144.939941
01-Mar-2004,1155.969971
02-Mar-2004,1149.099976
03-Mar-2004,1151.030029
04-Mar-2004,1154.869995
05-Mar-2004,1156.859985
08-Mar-2004,1147.199951
09-Mar-2004,1140.579956
10-Mar-2004,1123.890015
11-Mar-2004,1106.780029
12-Mar-2004,1120.569946
15-Mar-2004,1104.48999
16-Mar-2004,1110.699951
17-Mar-2004,1123.75
18-Mar-2004,1122.319946
19-Mar-2004,1109.780029
22-Mar-2004,1095.400024
23-Mar-2004,1093.949951
24-Mar-2004,1091.329956
25-Mar-2004,1109.189941
26-Mar-2004,1108.060059
29-Mar-2004,1122.469971
30-Mar-2004,1127
31-Mar-2004,1126.209961
01-Apr-2004,1132.170044
02-Apr-2004,1141.810059
05-Apr-2004,1150.569946
06-Apr-2004,1148.160034
07-Apr-2004,1140.530029
08-Apr-2004,1139.319946
12-Apr-2004,1145.199951
13-Apr-2004,1129.439941
14-Apr-2004,1128.170044
15-Apr-2004,1128.839966
16-Apr-2004,1134.609985
19-Apr-2004,1135.819946
20-Apr-2004,1118.150024
21-Apr-2004,1124.089966
22-Apr-2004,1139.930054
23-Apr-2004,1140.599976
26-Apr-2004,1135.530029
27-Apr-2004,1138.109985
28-Apr-2004,1122.410034
29-Apr-2004,1113.890015
30-Apr-2004,1107.300049
03-May-2004,1117.48999
04-May-2004,1119.550049
05-May-2004,1121.530029
06-May-2004,1113.98999
07-May-2004,1098.699951
10-May-2004,1087.119995
11-May-2004,1095.449951
12-May-2004,1097.280029
13-May-2004,1096.439941
14-May-2004,1095.699951
17-May-2004,1084.099976
18-May-2004,1091.48999
19-May-2004,1088.680054
20-May-2004,1089.189941
21-May-2004,1093.560059
24-May-2004,1095.410034
25-May-2004,1113.050049
26-May-2004,1114.939941
27-May-2004,1121.280029
28-May-2004,1120.680054
01-Jun-2004,1121.199951
02-Jun-2004,1124.98999
03-Jun-2004,1116.640015
04-Jun-2004,1122.5
07-Jun-2004,1140.420044
08-Jun-2004,1142.180054
09-Jun-2004,1131.329956
10-Jun-2004,1136.469971
14-Jun-2004,1125.290039
15-Jun-2004,1132.01001
16-Jun-2004,1133.560059
17-Jun-2004,1132.050049
18-Jun-2004,1135.02002
21-Jun-2004,1130.300049
22-Jun-2004,1134.410034
23-Jun-2004,1144.060059
24-Jun-2004,1140.650024
25-Jun-2004,1134.430054
28-Jun-2004,1133.349976
29-Jun-2004,1136.199951
30-Jun-2004,1140.839966
01-Jul-2004,1128.939941
02-Jul-2004,1125.380005
06-Jul-2004,1116.209961
07-Jul-2004,1118.329956
08-Jul-2004,1109.109985
09-Jul-2004,1112.810059
12-Jul-2004,1114.349976
13-Jul-2004,1115.140015
14-Jul-2004,1111.469971
15-Jul-2004,1106.689941
16-Jul-2004,1101.390015
19-Jul-2004,1100.900024
20-Jul-2004,1108.670044
21-Jul-2004,1093.880005
22-Jul-2004,1096.839966
23-Jul-2004,1086.199951
26-Jul-2004,1084.069946
27-Jul-2004,1094.829956
28-Jul-2004,1095.420044
29-Jul-2004,1100.430054
30-Jul-2004,1101.719971
02-Aug-2004,1106.619995
03-Aug-2004,1099.689941
04-Aug-2004,1098.630005
05-Aug-2004,1080.699951
06-Aug-2004,1063.969971
09-Aug-2004,1065.219971
10-Aug-2004,1079.040039
11-Aug-2004,1075.790039
12-Aug-2004,1063.22998
13-Aug-2004,1064.800049
16-Aug-2004,1079.339966
17-Aug-2004,1081.709961
18-Aug-2004,1095.170044
19-Aug-2004,1091.22998
20-Aug-2004,1098.349976
23-Aug-2004,1095.680054
24-Aug-2004,1096.189941
25-Aug-2004,1104.959961
26-Aug-2004,1105.089966
27-Aug-2004,1107.77002
30-Aug-2004,1099.150024
31-Aug-2004,1104.23999
01-Sep-2004,1105.910034
02-Sep-2004,1118.310059
03-Sep-2004,1113.630005
07-Sep-2004,1121.300049
08-Sep-2004,1116.27002
09-Sep-2004,1118.380005
10-Sep-2004,1123.920044
13-Sep-2004,1125.819946
14-Sep-2004,1128.329956
15-Sep-2004,1120.369995
16-Sep-2004,1123.5
17-Sep-2004,1128.550049
20-Sep-2004,1122.199951
21-Sep-2004,1129.300049
22-Sep-2004,1113.560059
23-Sep-2004,1108.359985
24-Sep-2004,1110.109985
27-Sep-2004,1103.52002
28-Sep-2004,1110.060059
29-Sep-2004,1114.800049
30-Sep-2004,1114.579956
01-Oct-2004,1131.5
04-Oct-2004,1135.170044
05-Oct-2004,1134.47998
06-Oct-2004,1142.050049
07-Oct-2004,1130.650024
08-Oct-2004,1122.140015
11-Oct-2004,1124.390015
12-Oct-2004,1121.839966
13-Oct-2004,1113.650024
14-Oct-2004,1103.290039
15-Oct-2004,1108.199951
18-Oct-2004,1114.02002
19-Oct-2004,1103.22998
20-Oct-2004,1103.660034
21-Oct-2004,1106.48999
22-Oct-2004,1095.73999
25-Oct-2004,1094.800049
26-Oct-2004,1111.089966
27-Oct-2004,1125.400024
28-Oct-2004,1127.439941
29-Oct-2004,1130.199951
01-Nov-2004,1130.51001
02-Nov-2004,1130.560059
03-Nov-2004,1143.199951
04-Nov-2004,1161.670044
05-Nov-2004,1166.170044
08-Nov-2004,1164.890015
09-Nov-2004,1164.079956
10-Nov-2004,1162.910034
11-Nov-2004,1173.47998
12-Nov-2004,1184.170044
15-Nov-2004,1183.810059
16-Nov-2004,1175.430054
17-Nov-2004,1181.939941
18-Nov-2004,1183.550049
19-Nov-2004,1170.339966
22-Nov-2004,1177.23999
23-Nov-2004,1176.939941
24-Nov-2004,1181.76001
26-Nov-2004,1182.650024
29-Nov-2004,1178.569946
30-Nov-2004,1173.819946
01-Dec-2004,1191.369995
02-Dec-2004,1190.329956
03-Dec-2004,1191.170044
06-Dec-2004,1190.25
07-Dec-2004,1177.069946
08-Dec-2004,1182.810059
09-Dec-2004,1189.23999
10-Dec-2004,1188
13-Dec-2004,1198.680054
14-Dec-2004,1203.380005
15-Dec-2004,1205.719971
16-Dec-2004,1203.209961
17-Dec-2004,1194.199951
20-Dec-2004,1194.650024
21-Dec-2004,1205.449951
22-Dec-2004,1209.569946
23-Dec-2004,1210.130005
27-Dec-2004,1204.920044
28-Dec-2004,1213.540039
29-Dec-2004,1213.449951
30-Dec-2004,1213.550049
31-Dec-2004,1211.920044
03-Jan-2005,1202.079956
04-Jan-2005,1188.050049
05-Jan-2005,1183.73999
06-Jan-2005,1187.890015
07-Jan-2005,1186.189941
10-Jan-2005,1190.25
11-Jan-2005,1182.98999
12-Jan-2005,1187.699951
13-Jan-2005,1177.449951
14-Jan-2005,1184.52002
18-Jan-2005,1195.97998
19-Jan-2005,1184.630005
20-Jan-2005,1175.410034
21-Jan-2005,1167.869995
24-Jan-2005,1163.75
25-Jan-2005,1168.410034
26-Jan-2005,1174.069946
27-Jan-2005,1174.550049
28-Jan-2005,1171.359985
31-Jan-2005,1181.27002
01-Feb-2005,1189.410034
02-Feb-2005,1193.189941
03-Feb-2005,1189.890015
04-Feb-2005,1203.030029
07-Feb-2005,1201.719971
08-Feb-2005,1202.300049
09-Feb-2005,1191.98999
10-Feb-2005,1197.01001
11-Feb-2005,1205.300049
14-Feb-2005,1206.140015
15-Feb-2005,1210.119995
16-Feb-2005,1210.339966
17-Feb-2005,1200.75
18-Feb-2005,1201.589966
22-Feb-2005,1184.160034
23-Feb-2005,1190.800049
24-Feb-2005,1200.199951
25-Feb-2005,1211.369995
28-Feb-2005,1203.599976
01-Mar-2005,1210.410034
02-Mar-2005,1210.079956
03-Mar-2005,1210.469971
04-Mar-2005,1222.119995
07-Mar-2005,1225.310059
08-Mar-2005,1219.430054
09-Mar-2005,1207.01001
10-Mar-2005,1209.25
11-Mar-2005,1200.079956
14-Mar-2005,1206.829956
15-Mar-2005,1197.75
16-Mar-2005,1188.069946
17-Mar-2005,1190.209961
18-Mar-2005,1189.650024
21-Mar-2005,1183.780029
22-Mar-2005,1171.709961
23-Mar-2005,1172.530029
24-Mar-2005,1171.420044
28-Mar-2005,1174.280029
29-Mar-2005,1165.359985
30-Mar-2005,1181.410034
31-Mar-2005,1180.589966
01-Apr-2005,1172.920044
04-Apr-2005,1176.119995
05-Apr-2005,1181.390015
06-Apr-2005,1184.069946
07-Apr-2005,1191.140015
08-Apr-2005,1181.199951
11-Apr-2005,1181.209961
12-Apr-2005,1187.76001
13-Apr-2005,1173.790039
14-Apr-2005,1162.050049
15-Apr-2005,1142.619995
18-Apr-2005,1145.97998
19-Apr-2005,1152.780029
20-Apr-2005,1137.5
21-Apr-2005,1159.949951
22-Apr-2005,1152.119995
25-Apr-2005,1162.099976
26-Apr-2005,1151.829956
27-Apr-2005,1156.380005
28-Apr-2005,1143.219971
29-Apr-2005,1156.849976
02-May-2005,1162.160034
03-May-2005,1161.170044
04-May-2005,1175.650024
05-May-2005,1172.630005
06-May-2005,1171.349976
09-May-2005,1178.839966
10-May-2005,1166.219971
11-May-2005,1171.109985
12-May-2005,1159.359985
13-May-2005,1154.050049
16-May-2005,1165.689941
17-May-2005,1173.800049
18-May-2005,1185.560059
19-May-2005,1191.079956
20-May-2005,1189.280029
23-May-2005,1193.859985
24-May-2005,1194.069946
25-May-2005,1190.01001
26-May-2005,1197.619995
27-May-2005,1198.780029
31-May-2005,1191.5
01-Jun-2005,1202.219971
02-Jun-2005,1204.290039
03-Jun-2005,1196.02002
06-Jun-2005,1197.51001
07-Jun-2005,1197.26001
08-Jun-2005,1194.670044
09-Jun-2005,1200.930054
10-Jun-2005,1198.109985
13-Jun-2005,1200.819946
14-Jun-2005,1203.910034
15-Jun-2005,1206.579956
16-Jun-2005,1210.959961
17-Jun-2005,1216.959961
20-Jun-2005,1216.099976
21-Jun-2005,1213.609985
22-Jun-2005,1213.880005
23-Jun-2005,1200.72998
24-Jun-2005,1191.569946
27-Jun-2005,1190.689941
28-Jun-2005,1201.569946
29-Jun-2005,1199.849976
30-Jun-2005,1191.329956
01-Jul-2005,1194.439941
05-Jul-2005,1204.98999
06-Jul-2005,1194.939941
07-Jul-2005,1197.869995
08-Jul-2005,1211.859985
11-Jul-2005,1219.439941
12-Jul-2005,1222.209961
13-Jul-2005,1223.290039
14-Jul-2005,1226.5
15-Jul-2005,1227.920044
18-Jul-2005,1221.130005
19-Jul-2005,1229.349976
20-Jul-2005,1235.199951
21-Jul-2005,1227.040039
22-Jul-2005,1233.680054
25-Jul-2005,1229.030029
26-Jul-2005,1231.160034
27-Jul-2005,1236.790039
28-Jul-2005,1243.719971
29-Jul-2005,1234.180054
01-Aug-2005,1235.349976
02-Aug-2005,1244.119995
03-Aug-2005,1245.040039
04-Aug-2005,1235.859985
05-Aug-2005,1226.420044
08-Aug-2005,1223.130005
09-Aug-2005,1231.380005
10-Aug-2005,1229.130005
11-Aug-2005,1237.810059
12-Aug-2005,1230.390015
15-Aug-2005,1233.869995
16-Aug-2005,1219.339966
17-Aug-2005,1220.23999
18-Aug-2005,1219.02002
19-Aug-2005,1219.709961
22-Aug-2005,1221.72998
23-Aug-2005,1217.589966
24-Aug-2005,1209.589966
25-Aug-2005,1212.369995
26-Aug-2005,1205.099976
29-Aug-2005,1212.280029
30-Aug-2005,1208.410034
31-Aug-2005,1220.329956
01-Sep-2005,1221.589966
02-Sep-2005,1218.02002
06-Sep-2005,1233.390015
07-Sep-2005,1236.359985
08-Sep-2005,1231.670044
09-Sep-2005,1241.47998
12-Sep-2005,1240.560059
13-Sep-2005,1231.199951
14-Sep-2005,1227.160034
15-Sep-2005,1227.72998
16-Sep-2005,1237.910034
19-Sep-2005,1231.02002
20-Sep-2005,1221.339966
21-Sep-2005,1210.199951
22-Sep-2005,1214.619995
23-Sep-2005,1215.290039
26-Sep-2005,1215.630005
27-Sep-2005,1215.660034
28-Sep-2005,1216.890015
29-Sep-2005,1227.680054
30-Sep-2005,1228.810059
03-Oct-2005,1226.699951
04-Oct-2005,1214.469971
05-Oct-2005,1196.390015
06-Oct-2005,1191.48999
07-Oct-2005,1195.900024
10-Oct-2005,1187.329956
11-Oct-2005,1184.869995
12-Oct-2005,1177.680054
13-Oct-2005,1176.839966
14-Oct-2005,1186.569946
17-Oct-2005,1190.099976
18-Oct-2005,1178.140015
19-Oct-2005,1195.76001
20-Oct-2005,1177.800049
21-Oct-2005,1179.589966
24-Oct-2005,1199.380005
25-Oct-2005,1196.540039
26-Oct-2005,1191.380005
27-Oct-2005,1178.900024
28-Oct-2005,1198.410034
31-Oct-2005,1207.01001
01-Nov-2005,1202.76001
02-Nov-2005,1214.76001
03-Nov-2005,1219.939941
04-Nov-2005,1220.140015
07-Nov-2005,1222.810059
08-Nov-2005,1218.589966
09-Nov-2005,1220.650024
10-Nov-2005,1230.959961
11-Nov-2005,1234.719971
14-Nov-2005,1233.76001
15-Nov-2005,1229.01001
16-Nov-2005,1231.209961
17-Nov-2005,1242.800049
18-Nov-2005,1248.27002
21-Nov-2005,1254.849976
22-Nov-2005,1261.22998
23-Nov-2005,1265.609985
25-Nov-2005,1268.25
28-Nov-2005,1257.459961
29-Nov-2005,1257.47998
30-Nov-2005,1249.47998
01-Dec-2005,1264.670044
02-Dec-2005,1265.079956
05-Dec-2005,1262.089966
06-Dec-2005,1263.699951
07-Dec-2005,1257.369995
08-Dec-2005,1255.839966
09-Dec-2005,1259.369995
12-Dec-2005,1260.430054
13-Dec-2005,1267.430054
14-Dec-2005,1272.73999
15-Dec-2005,1270.939941
16-Dec-2005,1267.319946
19-Dec-2005,1259.920044
20-Dec-2005,1259.619995
21-Dec-2005,1262.790039
22-Dec-2005,1268.119995
23-Dec-2005,1268.660034
27-Dec-2005,1256.540039
28-Dec-2005,1258.170044
29-Dec-2005,1254.420044
30-Dec-2005,1248.290039
03-Jan-2006,1268.800049
04-Jan-2006,1273.459961
05-Jan-2006,1273.47998
06-Jan-2006,1285.449951
09-Jan-2006,1290.150024
10-Jan-2006,1289.689941
11-Jan-2006,1294.180054
12-Jan-2006,1286.060059
13-Jan-2006,1287.609985
17-Jan-2006,1282.930054
18-Jan-2006,1277.930054
19-Jan-2006,1285.040039
20-Jan-2006,1261.48999
23-Jan-2006,1263.819946
24-Jan-2006,1266.859985
25-Jan-2006,1264.680054
26-Jan-2006,1273.829956
27-Jan-2006,1283.719971
30-Jan-2006,1285.189941
31-Jan-2006,1280.079956
01-Feb-2006,1282.459961
02-Feb-2006,1270.839966
03-Feb-2006,1264.030029
06-Feb-2006,1265.02002
07-Feb-2006,1254.780029
08-Feb-2006,1265.650024
09-Feb-2006,1263.780029
10-Feb-2006,1266.98999
13-Feb-2006,1262.859985
14-Feb-2006,1275.530029
15-Feb-2006,1280
16-Feb-2006,1289.380005
17-Feb-2006,1287.23999
21-Feb-2006,1283.030029
22-Feb-2006,1292.670044
23-Feb-2006,1287.790039
24-Feb-2006,1289.430054
27-Feb-2006,1294.119995
28-Feb-2006,1280.660034
01-Mar-2006,1291.23999
02-Mar-2006,1289.140015
03-Mar-2006,1287.22998
06-Mar-2006,1278.26001
07-Mar-2006,1275.880005
08-Mar-2006,1278.469971
09-Mar-2006,1272.22998
10-Mar-2006,1281.420044
13-Mar-2006,1284.130005
14-Mar-2006,1297.47998
15-Mar-2006,1303.02002
16-Mar-2006,1305.329956
17-Mar-2006,1307.25
20-Mar-2006,1305.079956
21-Mar-2006,1297.22998
22-Mar-2006,1305.040039
23-Mar-2006,1301.670044
24-Mar-2006,1302.949951
27-Mar-2006,1301.609985
28-Mar-2006,1293.22998
29-Mar-2006,1302.890015
30-Mar-2006,1300.25
31-Mar-2006,1294.869995
03-Apr-2006,1297.810059
04-Apr-2006,1305.930054
05-Apr-2006,1311.560059
06-Apr-2006,1309.040039
07-Apr-2006,1295.5
10-Apr-2006,1296.619995
11-Apr-2006,1286.569946
12-Apr-2006,1288.119995
13-Apr-2006,1289.119995
17-Apr-2006,1285.329956
18-Apr-2006,1307.280029
19-Apr-2006,1309.930054
20-Apr-2006,1311.459961
21-Apr-2006,1311.280029
24-Apr-2006,1308.109985
25-Apr-2006,1301.73999
26-Apr-2006,1305.410034
27-Apr-2006,1309.719971
28-Apr-2006,1310.609985
01-May-2006,1305.189941
02-May-2006,1313.209961
03-May-2006,1308.119995
04-May-2006,1312.25
05-May-2006,1325.76001
08-May-2006,1324.660034
09-May-2006,1325.140015
10-May-2006,1322.849976
11-May-2006,1305.920044
12-May-2006,1291.23999
15-May-2006,1294.5
16-May-2006,1292.079956
17-May-2006,1270.319946
18-May-2006,1261.810059
19-May-2006,1267.030029
22-May-2006,1262.069946
23-May-2006,1256.579956
24-May-2006,1258.569946
25-May-2006,1272.880005
26-May-2006,1280.160034
30-May-2006,1259.869995
31-May-2006,1270.089966
01-Jun-2006,1285.709961
02-Jun-2006,1288.219971
05-Jun-2006,1265.290039
06-Jun-2006,1263.849976
07-Jun-2006,1256.150024
08-Jun-2006,1257.930054
09-Jun-2006,1252.300049
12-Jun-2006,1237.439941
13-Jun-2006,1223.689941
14-Jun-2006,1230.040039
15-Jun-2006,1256.160034
16-Jun-2006,1251.540039
19-Jun-2006,1240.130005
20-Jun-2006,1240.119995
21-Jun-2006,1252.199951
22-Jun-2006,1245.599976
23-Jun-2006,1244.5
26-Jun-2006,1250.560059
27-Jun-2006,1239.199951
28-Jun-2006,1246
29-Jun-2006,1272.869995
30-Jun-2006,1270.199951
03-Jul-2006,1280.189941
05-Jul-2006,1270.910034
06-Jul-2006,1274.079956
07-Jul-2006,1265.47998
10-Jul-2006,1267.339966
11-Jul-2006,1272.430054
12-Jul-2006,1258.599976
13-Jul-2006,1242.280029
14-Jul-2006,1236.199951
17-Jul-2006,1234.48999
18-Jul-2006,1236.859985
19-Jul-2006,1259.810059
20-Jul-2006,1249.130005
21-Jul-2006,1240.290039
24-Jul-2006,1260.910034
25-Jul-2006,1268.880005
26-Jul-2006,1268.400024
27-Jul-2006,1263.199951
28-Jul-2006,1278.550049
31-Jul-2006,1276.660034
01-Aug-2006,1270.920044
02-Aug-2006,1277.410034
03-Aug-2006,1280.27002
04-Aug-2006,1279.359985
07-Aug-2006,1275.77002
08-Aug-2006,1271.47998
09-Aug-2006,1265.949951
10-Aug-2006,1271.810059
11-Aug-2006,1266.73999
14-Aug-2006,1268.209961
15-Aug-2006,1285.579956
16-Aug-2006,1295.430054
17-Aug-2006,1297.47998
18-Aug-2006,1302.300049
21-Aug-2006,1297.52002
22-Aug-2006,1298.819946
23-Aug-2006,1292.98999
24-Aug-2006,1296.060059
25-Aug-2006,1295.089966
28-Aug-2006,1301.780029
29-Aug-2006,1304.280029
30-Aug-2006,1305.369995
31-Aug-2006,1303.819946
01-Sep-2006,1311.01001
05-Sep-2006,1313.25
06-Sep-2006,1300.26001
07-Sep-2006,1294.02002
08-Sep-2006,1298.920044
11-Sep-2006,1299.540039
12-Sep-2006,1313
13-Sep-2006,1318.069946
14-Sep-2006,1316.280029
15-Sep-2006,1319.660034
18-Sep-2006,1321.180054
19-Sep-2006,1317.640015
20-Sep-2006,1325.180054
21-Sep-2006,1318.030029
22-Sep-2006,1314.780029
25-Sep-2006,1326.369995
26-Sep-2006,1336.349976
27-Sep-2006,1336.589966
28-Sep-2006,1338.880005
29-Sep-2006,1335.849976
02-Oct-2006,1331.319946
03-Oct-2006,1334.109985
04-Oct-2006,1350.199951
05-Oct-2006,1353.219971
06-Oct-2006,1349.589966
09-Oct-2006,1350.660034
10-Oct-2006,1353.420044
11-Oct-2006,1349.949951
12-Oct-2006,1362.829956
13-Oct-2006,1365.619995
16-Oct-2006,1369.060059
17-Oct-2006,1364.050049
18-Oct-2006,1365.800049
19-Oct-2006,1366.959961
20-Oct-2006,1368.599976
23-Oct-2006,1377.02002
24-Oct-2006,1377.380005
25-Oct-2006,1382.219971
26-Oct-2006,1389.079956
27-Oct-2006,1377.339966
30-Oct-2006,1377.930054
31-Oct-2006,1377.939941
01-Nov-2006,1367.810059
02-Nov-2006,1367.339966
03-Nov-2006,1364.300049
06-Nov-2006,1379.780029
07-Nov-2006,1382.839966
08-Nov-2006,1385.719971
09-Nov-2006,1378.329956
10-Nov-2006,1380.900024
13-Nov-2006,1384.420044
14-Nov-2006,1393.219971
15-Nov-2006,1396.569946
16-Nov-2006,1399.76001
17-Nov-2006,1401.199951
20-Nov-2006,1400.5
21-Nov-2006,1402.810059
22-Nov-2006,1406.089966
24-Nov-2006,1400.949951
27-Nov-2006,1381.959961
28-Nov-2006,1386.719971
29-Nov-2006,1399.47998
30-Nov-2006,1400.630005
01-Dec-2006,1396.709961
04-Dec-2006,1409.119995
05-Dec-2006,1414.76001
06-Dec-2006,1412.900024
07-Dec-2006,1407.290039
08-Dec-2006,1409.839966
11-Dec-2006,1413.040039
12-Dec-2006,1411.560059
13-Dec-2006,1413.209961
14-Dec-2006,1425.48999
15-Dec-2006,1427.089966
18-Dec-2006,1422.47998
19-Dec-2006,1425.550049
20-Dec-2006,1423.530029
21-Dec-2006,1418.300049
22-Dec-2006,1410.76001
26-Dec-2006,1416.900024
27-Dec-2006,1426.839966
28-Dec-2006,1424.72998
29-Dec-2006,1418.300049
03-Jan-2007,1416.599976
04-Jan-2007,1418.339966
05-Jan-2007,1409.709961
08-Jan-2007,1412.839966
09-Jan-2007,1412.109985
10-Jan-2007,1414.849976
11-Jan-2007,1423.819946
12-Jan-2007,1430.72998
16-Jan-2007,1431.900024
17-Jan-2007,1430.619995
18-Jan-2007,1426.369995
19-Jan-2007,1430.5
22-Jan-2007,1422.949951
23-Jan-2007,1427.98999
24-Jan-2007,1440.130005
25-Jan-2007,1423.900024
26-Jan-2007,1422.180054
29-Jan-2007,1420.619995
30-Jan-2007,1428.819946
31-Jan-2007,1438.23999
01-Feb-2007,1445.939941
02-Feb-2007,1448.390015
05-Feb-2007,1446.98999
06-Feb-2007,1448
07-Feb-2007,1450.02002
08-Feb-2007,1448.310059
09-Feb-2007,1438.060059
12-Feb-2007,1433.369995
13-Feb-2007,1444.26001
14-Feb-2007,1455.300049
15-Feb-2007,1456.810059
16-Feb-2007,1455.540039
20-Feb-2007,1459.680054
21-Feb-2007,1457.630005
22-Feb-2007,1456.380005
23-Feb-2007,1451.189941
26-Feb-2007,1449.369995
27-Feb-2007,1399.040039
28-Feb-2007,1406.819946
01-Mar-2007,1403.170044
02-Mar-2007,1387.170044
05-Mar-2007,1374.119995
06-Mar-2007,1395.410034
07-Mar-2007,1391.969971
08-Mar-2007,1401.890015
09-Mar-2007,1402.839966
12-Mar-2007,1406.599976
13-Mar-2007,1377.949951
14-Mar-2007,1387.170044
15-Mar-2007,1392.280029
16-Mar-2007,1386.949951
19-Mar-2007,1402.060059
20-Mar-2007,1410.939941
21-Mar-2007,1435.040039
22-Mar-2007,1434.540039
23-Mar-2007,1436.109985
26-Mar-2007,1437.5
27-Mar-2007,1428.609985
28-Mar-2007,1417.22998
29-Mar-2007,1422.530029
30-Mar-2007,1420.859985
02-Apr-2007,1424.550049
03-Apr-2007,1437.77002
04-Apr-2007,1439.369995
05-Apr-2007,1443.76001
09-Apr-2007,1444.609985
10-Apr-2007,1448.390015
11-Apr-2007,1438.869995
12-Apr-2007,1447.800049
13-Apr-2007,1452.849976
16-Apr-2007,1468.329956
17-Apr-2007,1471.47998
18-Apr-2007,1472.5
19-Apr-2007,1470.72998
20-Apr-2007,1484.349976
23-Apr-2007,1480.930054
24-Apr-2007,1480.410034
25-Apr-2007,1495.420044
26-Apr-2007,1494.25
27-Apr-2007,1494.069946
30-Apr-2007,1482.369995
01-May-2007,1486.300049
02-May-2007,1495.920044
03-May-2007,1502.390015
04-May-2007,1505.619995
07-May-2007,1509.47998
08-May-2007,1507.719971
09-May-2007,1512.579956
10-May-2007,1491.469971
11-May-2007,1505.849976
14-May-2007,1503.150024
15-May-2007,1501.189941
16-May-2007,1514.140015
17-May-2007,1512.75
18-May-2007,1522.75
21-May-2007,1525.099976
22-May-2007,1524.119995
23-May-2007,1522.280029
24-May-2007,1507.51001
25-May-2007,1515.72998
29-May-2007,1518.109985
30-May-2007,1530.22998
31-May-2007,1530.619995
01-Jun-2007,1536.339966
04-Jun-2007,1539.180054
05-Jun-2007,1530.949951
06-Jun-2007,1517.380005
07-Jun-2007,1490.719971
08-Jun-2007,1507.670044
11-Jun-2007,1509.119995
12-Jun-2007,1493
13-Jun-2007,1515.670044
14-Jun-2007,1522.969971
15-Jun-2007,1532.910034
18-Jun-2007,1531.050049
19-Jun-2007,1533.699951
20-Jun-2007,1512.839966
21-Jun-2007,1522.189941
22-Jun-2007,1502.560059
25-Jun-2007,1497.73999
26-Jun-2007,1492.890015
27-Jun-2007,1506.339966
28-Jun-2007,1505.709961
29-Jun-2007,1503.349976
02-Jul-2007,1519.430054
03-Jul-2007,1524.869995
05-Jul-2007,1525.400024
06-Jul-2007,1530.439941
09-Jul-2007,1531.849976
10-Jul-2007,1510.119995
11-Jul-2007,1518.76001
12-Jul-2007,1547.699951
13-Jul-2007,1552.5
16-Jul-2007,1549.52002
17-Jul-2007,1549.369995
18-Jul-2007,1546.170044
19-Jul-2007,1553.079956
20-Jul-2007,1534.099976
23-Jul-2007,1541.569946
24-Jul-2007,1511.040039
25-Jul-2007,1518.089966
26-Jul-2007,1482.660034
27-Jul-2007,1458.949951
30-Jul-2007,1473.910034
31-Jul-2007,1455.27002
01-Aug-2007,1465.810059
02-Aug-2007,1472.199951
03-Aug-2007,1433.060059
06-Aug-2007,1467.670044
07-Aug-2007,1476.709961
08-Aug-2007,1497.48999
09-Aug-2007,1453.089966
10-Aug-2007,1453.640015
13-Aug-2007,1452.920044
14-Aug-2007,1426.540039
15-Aug-2007,1406.699951
16-Aug-2007,1411.27002
17-Aug-2007,1445.939941
20-Aug-2007,1445.550049
21-Aug-2007,1447.119995
22-Aug-2007,1464.069946
23-Aug-2007,1462.5
24-Aug-2007,1479.369995
27-Aug-2007,1466.790039
28-Aug-2007,1432.359985
29-Aug-2007,1463.76001
30-Aug-2007,1457.640015
31-Aug-2007,1473.98999
04-Sep-2007,1489.420044
05-Sep-2007,1472.290039
06-Sep-2007,1478.550049
07-Sep-2007,1453.550049
10-Sep-2007,1451.699951
11-Sep-2007,1471.48999
12-Sep-2007,1471.560059
13-Sep-2007,1483.949951
14-Sep-2007,1484.25
17-Sep-2007,1476.650024
18-Sep-2007,1519.780029
19-Sep-2007,1529.030029
20-Sep-2007,1518.75
21-Sep-2007,1525.75
24-Sep-2007,1517.72998
25-Sep-2007,1517.209961
26-Sep-2007,1525.420044
27-Sep-2007,1531.380005
28-Sep-2007,1526.75
01-Oct-2007,1547.040039
02-Oct-2007,1546.630005
03-Oct-2007,1539.589966
04-Oct-2007,1542.839966
05-Oct-2007,1557.589966
08-Oct-2007,1552.579956
09-Oct-2007,1565.150024
10-Oct-2007,1562.469971
11-Oct-2007,1554.410034
12-Oct-2007,1561.800049
15-Oct-2007,1548.709961
16-Oct-2007,1538.530029
17-Oct-2007,1541.23999
18-Oct-2007,1540.079956
19-Oct-2007,1500.630005
22-Oct-2007,1506.329956
23-Oct-2007,1519.589966
24-Oct-2007,1515.880005
25-Oct-2007,1514.400024
26-Oct-2007,1535.280029
29-Oct-2007,1540.97998
30-Oct-2007,1531.02002
31-Oct-2007,1549.380005
01-Nov-2007,1508.439941
02-Nov-2007,1509.650024
05-Nov-2007,1502.170044
06-Nov-2007,1520.27002
07-Nov-2007,1475.619995
08-Nov-2007,1474.77002
09-Nov-2007,1453.699951
12-Nov-2007,1439.180054
13-Nov-2007,1481.050049
14-Nov-2007,1470.579956
15-Nov-2007,1451.150024
16-Nov-2007,1458.73999
19-Nov-2007,1433.27002
20-Nov-2007,1439.699951
21-Nov-2007,1416.77002
23-Nov-2007,1440.699951
26-Nov-2007,1407.219971
27-Nov-2007,1428.22998
28-Nov-2007,1469.02002
29-Nov-2007,1469.719971
30-Nov-2007,1481.140015
03-Dec-2007,1472.420044
04-Dec-2007,1462.790039
05-Dec-2007,1485.01001
06-Dec-2007,1507.339966
07-Dec-2007,1504.660034
10-Dec-2007,1515.959961
11-Dec-2007,1477.650024
12-Dec-2007,1486.589966
13-Dec-2007,1488.410034
14-Dec-2007,1467.949951
17-Dec-2007,1445.900024
18-Dec-2007,1454.97998
19-Dec-2007,1453
20-Dec-2007,1460.119995
21-Dec-2007,1484.459961
24-Dec-2007,1496.449951
26-Dec-2007,1497.660034
27-Dec-2007,1476.27002
28-Dec-2007,1478.48999
31-Dec-2007,1468.359985
02-Jan-2008,1447.160034
03-Jan-2008,1447.160034
04-Jan-2008,1411.630005
07-Jan-2008,1416.180054
08-Jan-2008,1390.189941
09-Jan-2008,1409.130005
10-Jan-2008,1420.329956
11-Jan-2008,1401.02002
14-Jan-2008,1416.25
15-Jan-2008,1380.949951
16-Jan-2008,1373.199951
17-Jan-2008,1333.25
18-Jan-2008,1325.189941
22-Jan-2008,1310.5
23-Jan-2008,1338.599976
24-Jan-2008,1352.069946
25-Jan-2008,1330.609985
28-Jan-2008,1353.959961
29-Jan-2008,1362.300049
30-Jan-2008,1355.810059
31-Jan-2008,1378.550049
01-Feb-2008,1395.420044
04-Feb-2008,1380.819946
05-Feb-2008,1336.640015
06-Feb-2008,1326.449951
07-Feb-2008,1336.910034
08-Feb-2008,1331.290039
11-Feb-2008,1339.130005
12-Feb-2008,1348.859985
13-Feb-2008,1367.209961
14-Feb-2008,1348.859985
15-Feb-2008,1349.98999
19-Feb-2008,1348.780029
20-Feb-2008,1360.030029
21-Feb-2008,1342.530029
22-Feb-2008,1353.109985
25-Feb-2008,1371.800049
26-Feb-2008,1381.290039
27-Feb-2008,1380.02002
28-Feb-2008,1367.680054
29-Feb-2008,1330.630005
03-Mar-2008,1331.339966
04-Mar-2008,1326.75
05-Mar-2008,1333.699951
06-Mar-2008,1304.339966
07-Mar-2008,1293.369995
10-Mar-2008,1273.369995
11-Mar-2008,1320.650024
12-Mar-2008,1308.77002
13-Mar-2008,1315.47998
14-Mar-2008,1288.140015
17-Mar-2008,1276.599976
18-Mar-2008,1330.73999
19-Mar-2008,1298.420044
20-Mar-2008,1329.51001
24-Mar-2008,1349.880005
25-Mar-2008,1352.98999
26-Mar-2008,1341.130005
27-Mar-2008,1325.76001
28-Mar-2008,1315.219971
31-Mar-2008,1322.699951
01-Apr-2008,1370.180054
02-Apr-2008,1367.530029
03-Apr-2008,1369.310059
04-Apr-2008,1370.400024
07-Apr-2008,1372.540039
08-Apr-2008,1365.540039
09-Apr-2008,1354.48999
10-Apr-2008,1360.550049
11-Apr-2008,1332.829956
14-Apr-2008,1328.319946
15-Apr-2008,1334.430054
16-Apr-2008,1364.709961
17-Apr-2008,1365.560059
18-Apr-2008,1390.329956
21-Apr-2008,1388.170044
22-Apr-2008,1375.939941
23-Apr-2008,1379.930054
24-Apr-2008,1388.819946
25-Apr-2008,1397.839966
28-Apr-2008,1396.369995
29-Apr-2008,1390.939941
30-Apr-2008,1385.589966
01-May-2008,1409.339966
02-May-2008,1413.900024
05-May-2008,1407.48999
06-May-2008,1418.26001
07-May-2008,1392.569946
08-May-2008,1397.680054
09-May-2008,1388.280029
12-May-2008,1403.579956
13-May-2008,1403.040039
14-May-2008,1408.660034
15-May-2008,1423.569946
16-May-2008,1425.349976
19-May-2008,1426.630005
20-May-2008,1413.400024
21-May-2008,1390.709961
22-May-2008,1394.349976
23-May-2008,1375.930054
27-May-2008,1385.349976
28-May-2008,1390.839966
29-May-2008,1398.26001
30-May-2008,1400.380005
02-Jun-2008,1385.670044
03-Jun-2008,1377.650024
04-Jun-2008,1377.199951
05-Jun-2008,1404.050049
06-Jun-2008,1360.680054
09-Jun-2008,1361.76001
10-Jun-2008,1358.439941
11-Jun-2008,1335.48999
12-Jun-2008,1339.869995
13-Jun-2008,1360.030029
16-Jun-2008,1360.140015
17-Jun-2008,1350.930054
18-Jun-2008,1337.810059
19-Jun-2008,1342.829956
20-Jun-2008,1317.930054
23-Jun-2008,1318
24-Jun-2008,1314.290039
25-Jun-2008,1321.969971
26-Jun-2008,1283.150024
27-Jun-2008,1278.380005
30-Jun-2008,1280
01-Jul-2008,1284.910034
02-Jul-2008,1261.52002
03-Jul-2008,1262.900024
07-Jul-2008,1252.310059
08-Jul-2008,1273.699951
09-Jul-2008,1244.689941
10-Jul-2008,1253.390015
11-Jul-2008,1239.48999
14-Jul-2008,1228.300049
15-Jul-2008,1214.910034
16-Jul-2008,1245.359985
17-Jul-2008,1260.319946
18-Jul-2008,1260.680054
21-Jul-2008,1260
22-Jul-2008,1277
23-Jul-2008,1282.189941
24-Jul-2008,1252.540039
25-Jul-2008,1257.76001
28-Jul-2008,1234.369995
29-Jul-2008,1263.199951
30-Jul-2008,1284.26001
31-Jul-2008,1267.380005
01-Aug-2008,1260.310059
04-Aug-2008,1249.01001
05-Aug-2008,1284.880005
06-Aug-2008,1289.189941
07-Aug-2008,1266.069946
08-Aug-2008,1296.319946
11-Aug-2008,1305.319946
12-Aug-2008,1289.589966
13-Aug-2008,1285.829956
14-Aug-2008,1292.930054
15-Aug-2008,1298.199951
18-Aug-2008,1278.599976
19-Aug-2008,1266.689941
20-Aug-2008,1274.540039
21-Aug-2008,1277.719971
22-Aug-2008,1292.199951
25-Aug-2008,1266.839966
26-Aug-2008,1271.51001
27-Aug-2008,1281.660034
28-Aug-2008,1300.680054
29-Aug-2008,1282.829956
02-Sep-2008,1277.579956
03-Sep-2008,1274.97998
04-Sep-2008,1236.829956
05-Sep-2008,1242.310059
08-Sep-2008,1267.790039
09-Sep-2008,1224.51001
10-Sep-2008,1232.040039
11-Sep-2008,1249.050049
12-Sep-2008,1251.699951
15-Sep-2008,1192.699951
16-Sep-2008,1213.599976
17-Sep-2008,1156.390015
18-Sep-2008,1206.51001
19-Sep-2008,1255.079956
22-Sep-2008,1207.089966
23-Sep-2008,1188.219971
24-Sep-2008,1185.869995
25-Sep-2008,1209.180054
26-Sep-2008,1213.27002
29-Sep-2008,1106.420044
30-Sep-2008,1166.359985
01-Oct-2008,1161.060059
02-Oct-2008,1114.280029
03-Oct-2008,1099.22998
06-Oct-2008,1056.890015
07-Oct-2008,996.2299805
08-Oct-2008,984.9400024
09-Oct-2008,909.9199829
10-Oct-2008,899.2199707
13-Oct-2008,1003.349976
14-Oct-2008,998.0100098
15-Oct-2008,907.8400269
16-Oct-2008,946.4299927
17-Oct-2008,940.5499878
20-Oct-2008,985.4000244
21-Oct-2008,955.0499878
22-Oct-2008,896.7800293
23-Oct-2008,908.1099854
24-Oct-2008,876.7700195
27-Oct-2008,848.9199829
28-Oct-2008,940.5100098
29-Oct-2008,930.0900269
30-Oct-2008,954.0900269
31-Oct-2008,968.75
03-Nov-2008,966.2999878
04-Nov-2008,1005.75
05-Nov-2008,952.7700195
06-Nov-2008,904.8800049
07-Nov-2008,930.9899902
10-Nov-2008,919.210022
11-Nov-2008,898.9500122
12-Nov-2008,852.2999878
13-Nov-2008,911.289978
14-Nov-2008,873.289978
17-Nov-2008,850.75
18-Nov-2008,859.1199951
19-Nov-2008,806.5800171
20-Nov-2008,752.4400024
21-Nov-2008,800.0300293
24-Nov-2008,851.8099976
25-Nov-2008,857.3900146
26-Nov-2008,887.6799927
28-Nov-2008,896.2399902
01-Dec-2008,816.210022
02-Dec-2008,848.8099976
03-Dec-2008,870.7399902
04-Dec-2008,845.2199707
05-Dec-2008,876.0700073
08-Dec-2008,909.7000122
09-Dec-2008,888.6699829
10-Dec-2008,899.2399902
11-Dec-2008,873.5900269
12-Dec-2008,879.7299805
15-Dec-2008,868.5700073
16-Dec-2008,913.1799927
17-Dec-2008,904.4199829
18-Dec-2008,885.2800293
19-Dec-2008,887.8800049
22-Dec-2008,871.6300049
23-Dec-2008,863.1599731
24-Dec-2008,868.1500244
26-Dec-2008,872.7999878
29-Dec-2008,869.4199829
30-Dec-2008,890.6400146
31-Dec-2008,903.25
02-Jan-2009,931.7999878
05-Jan-2009,927.4500122
06-Jan-2009,934.7000122
07-Jan-2009,906.6500244
08-Jan-2009,909.7299805
09-Jan-2009,890.3499756
12-Jan-2009,870.2600098
13-Jan-2009,871.789978
14-Jan-2009,842.6199951
15-Jan-2009,843.7399902
16-Jan-2009,850.1199951
20-Jan-2009,805.2199707
21-Jan-2009,840.2399902
22-Jan-2009,827.5
23-Jan-2009,831.9500122
26-Jan-2009,836.5700073
27-Jan-2009,845.710022
28-Jan-2009,874.0900269
29-Jan-2009,845.1400146
30-Jan-2009,825.8800049
02-Feb-2009,825.4400024
03-Feb-2009,838.5100098
04-Feb-2009,832.2299805
05-Feb-2009,845.8499756
06-Feb-2009,868.5999756
09-Feb-2009,869.8900146
10-Feb-2009,827.1599731
11-Feb-2009,833.7399902
12-Feb-2009,835.1900024
13-Feb-2009,826.8400269
17-Feb-2009,789.1699829
18-Feb-2009,788.4199829
19-Feb-2009,778.9400024
20-Feb-2009,770.0499878
23-Feb-2009,743.3300171
24-Feb-2009,773.1400146
25-Feb-2009,764.9000244
26-Feb-2009,752.8300171
27-Feb-2009,735.0900269
02-Mar-2009,700.8200073
03-Mar-2009,696.3300171
04-Mar-2009,712.8699951
05-Mar-2009,682.5499878
06-Mar-2009,683.3800049
09-Mar-2009,676.5300293
10-Mar-2009,719.5999756
11-Mar-2009,721.3599854
12-Mar-2009,750.7399902
13-Mar-2009,756.5499878
16-Mar-2009,753.8900146
17-Mar-2009,778.1199951
18-Mar-2009,794.3499756
19-Mar-2009,784.039978
20-Mar-2009,768.539978
23-Mar-2009,822.9199829
24-Mar-2009,806.1199951
25-Mar-2009,813.8800049
26-Mar-2009,832.8599854
27-Mar-2009,815.9400024
30-Mar-2009,787.5300293
31-Mar-2009,797.8699951
01-Apr-2009,811.0800171
02-Apr-2009,834.3800049
03-Apr-2009,842.5
06-Apr-2009,835.4799805
07-Apr-2009,815.5499878
08-Apr-2009,825.1599731
09-Apr-2009,856.5599976
13-Apr-2009,858.7299805
14-Apr-2009,841.5
15-Apr-2009,852.0599976
16-Apr-2009,865.2999878
17-Apr-2009,869.5999756
20-Apr-2009,832.3900146
21-Apr-2009,850.0800171
22-Apr-2009,843.5499878
23-Apr-2009,851.9199829
24-Apr-2009,866.2299805
27-Apr-2009,857.5100098
28-Apr-2009,855.1599731
29-Apr-2009,873.6400146
30-Apr-2009,872.8099976
01-May-2009,877.5200195
04-May-2009,907.2399902
05-May-2009,903.7999878
06-May-2009,919.5300293
07-May-2009,907.3900146
08-May-2009,929.2299805
11-May-2009,909.2399902
12-May-2009,908.3499756
13-May-2009,883.9199829
14-May-2009,893.0700073
15-May-2009,882.8800049
18-May-2009,909.710022
19-May-2009,908.1300049
20-May-2009,903.4699707
21-May-2009,888.3300171
22-May-2009,887
26-May-2009,910.3300171
27-May-2009,893.0599976
28-May-2009,906.8300171
29-May-2009,919.1400146
01-Jun-2009,942.8699951
02-Jun-2009,944.7399902
03-Jun-2009,931.7600098
04-Jun-2009,942.460022
05-Jun-2009,940.0900269
08-Jun-2009,939.1400146
09-Jun-2009,942.4299927
10-Jun-2009,939.1500244
11-Jun-2009,944.8900146
12-Jun-2009,946.210022
15-Jun-2009,923.7199707
16-Jun-2009,911.9699707
17-Jun-2009,910.710022
18-Jun-2009,918.3699951
19-Jun-2009,921.2299805
22-Jun-2009,893.039978
23-Jun-2009,895.0999756
24-Jun-2009,900.9400024
25-Jun-2009,920.2600098
26-Jun-2009,918.9000244
29-Jun-2009,927.2299805
30-Jun-2009,919.3200073
01-Jul-2009,923.3300171
02-Jul-2009,896.4199829
06-Jul-2009,898.7199707
07-Jul-2009,881.0300293
08-Jul-2009,879.5599976
09-Jul-2009,882.6799927
10-Jul-2009,879.1300049
13-Jul-2009,901.0499878
14-Jul-2009,905.8400269
15-Jul-2009,932.6799927
16-Jul-2009,940.7399902
17-Jul-2009,940.3800049
20-Jul-2009,951.1300049
21-Jul-2009,954.5800171
22-Jul-2009,954.0700073
23-Jul-2009,976.289978
24-Jul-2009,979.2600098
27-Jul-2009,982.1799927
28-Jul-2009,979.6199951
29-Jul-2009,975.1500244
30-Jul-2009,986.75
31-Jul-2009,987.4799805
03-Aug-2009,1002.630005
04-Aug-2009,1005.650024
05-Aug-2009,1002.719971
06-Aug-2009,997.0800171
07-Aug-2009,1010.47998
10-Aug-2009,1007.099976
11-Aug-2009,994.3499756
12-Aug-2009,1005.809998
13-Aug-2009,1012.72998
14-Aug-2009,1004.090027
17-Aug-2009,979.7299805
18-Aug-2009,989.6699829
19-Aug-2009,996.460022
20-Aug-2009,1007.369995
21-Aug-2009,1026.130005
24-Aug-2009,1025.569946
25-Aug-2009,1028
26-Aug-2009,1028.119995
27-Aug-2009,1030.97998
28-Aug-2009,1028.930054
31-Aug-2009,1020.619995
01-Sep-2009,998.039978
02-Sep-2009,994.75
03-Sep-2009,1003.23999
04-Sep-2009,1016.400024
08-Sep-2009,1025.390015
09-Sep-2009,1033.369995
10-Sep-2009,1044.140015
11-Sep-2009,1042.72998
14-Sep-2009,1049.339966
15-Sep-2009,1052.630005
16-Sep-2009,1068.76001
17-Sep-2009,1065.48999
18-Sep-2009,1068.300049
21-Sep-2009,1064.660034
22-Sep-2009,1071.660034
23-Sep-2009,1060.869995
24-Sep-2009,1050.780029
25-Sep-2009,1044.380005
28-Sep-2009,1062.97998
29-Sep-2009,1060.609985
30-Sep-2009,1057.079956
01-Oct-2009,1029.849976
02-Oct-2009,1025.209961
05-Oct-2009,1040.459961
06-Oct-2009,1054.719971
07-Oct-2009,1057.579956
08-Oct-2009,1065.47998
09-Oct-2009,1071.48999
12-Oct-2009,1076.189941
13-Oct-2009,1073.189941
14-Oct-2009,1092.02002
15-Oct-2009,1096.560059
16-Oct-2009,1087.680054
19-Oct-2009,1097.910034
20-Oct-2009,1091.060059
21-Oct-2009,1081.400024
22-Oct-2009,1092.910034
23-Oct-2009,1079.599976
26-Oct-2009,1066.949951
27-Oct-2009,1063.410034
28-Oct-2009,1042.630005
29-Oct-2009,1066.109985
30-Oct-2009,1036.189941
02-Nov-2009,1042.880005
03-Nov-2009,1045.410034
04-Nov-2009,1046.5
05-Nov-2009,1066.630005
06-Nov-2009,1069.300049
09-Nov-2009,1093.079956
10-Nov-2009,1093.01001
11-Nov-2009,1098.51001
12-Nov-2009,1087.23999
13-Nov-2009,1093.47998
16-Nov-2009,1109.300049
17-Nov-2009,1110.319946
18-Nov-2009,1109.800049
19-Nov-2009,1094.900024
20-Nov-2009,1091.380005
23-Nov-2009,1106.23999
24-Nov-2009,1105.650024
25-Nov-2009,1110.630005
27-Nov-2009,1091.48999
30-Nov-2009,1095.630005
01-Dec-2009,1108.859985
02-Dec-2009,1109.23999
03-Dec-2009,1099.920044
04-Dec-2009,1105.97998
07-Dec-2009,1103.25
08-Dec-2009,1091.939941
09-Dec-2009,1095.949951
10-Dec-2009,1102.349976
11-Dec-2009,1106.410034
14-Dec-2009,1114.109985
15-Dec-2009,1107.930054
16-Dec-2009,1109.180054
17-Dec-2009,1096.079956
18-Dec-2009,1102.469971
21-Dec-2009,1114.050049
22-Dec-2009,1118.02002
23-Dec-2009,1120.589966
24-Dec-2009,1126.47998
28-Dec-2009,1127.780029
29-Dec-2009,1126.199951
30-Dec-2009,1126.420044
31-Dec-2009,1115.099976
04-Jan-2010,1132.98999
05-Jan-2010,1136.52002
06-Jan-2010,1137.140015
07-Jan-2010,1141.689941
08-Jan-2010,1144.97998
11-Jan-2010,1146.97998
12-Jan-2010,1136.219971
13-Jan-2010,1145.680054
14-Jan-2010,1148.459961
15-Jan-2010,1136.030029
19-Jan-2010,1150.22998
20-Jan-2010,1138.040039
21-Jan-2010,1116.47998
22-Jan-2010,1091.76001
25-Jan-2010,1096.780029
26-Jan-2010,1092.170044
27-Jan-2010,1097.5
28-Jan-2010,1084.530029
29-Jan-2010,1073.869995
01-Feb-2010,1089.189941
02-Feb-2010,1103.319946
03-Feb-2010,1097.280029
04-Feb-2010,1063.109985
05-Feb-2010,1066.189941
08-Feb-2010,1056.73999
09-Feb-2010,1070.52002
10-Feb-2010,1068.130005
11-Feb-2010,1078.469971
12-Feb-2010,1075.51001
16-Feb-2010,1094.869995
17-Feb-2010,1099.51001
18-Feb-2010,1106.75
19-Feb-2010,1109.170044
22-Feb-2010,1108.01001
23-Feb-2010,1094.599976
24-Feb-2010,1105.23999
25-Feb-2010,1102.939941
26-Feb-2010,1104.48999
01-Mar-2010,1115.709961
02-Mar-2010,1118.310059
03-Mar-2010,1118.790039
04-Mar-2010,1122.969971
05-Mar-2010,1138.699951
08-Mar-2010,1138.5
09-Mar-2010,1140.449951
10-Mar-2010,1145.609985
11-Mar-2010,1150.23999
12-Mar-2010,1149.98999
15-Mar-2010,1150.51001
16-Mar-2010,1159.459961
17-Mar-2010,1166.209961
18-Mar-2010,1165.829956
19-Mar-2010,1159.900024
22-Mar-2010,1165.810059
23-Mar-2010,1174.170044
24-Mar-2010,1167.719971
25-Mar-2010,1165.72998
26-Mar-2010,1166.589966
29-Mar-2010,1173.219971
30-Mar-2010,1173.27002
31-Mar-2010,1169.430054
01-Apr-2010,1178.099976
05-Apr-2010,1187.439941
06-Apr-2010,1189.439941
07-Apr-2010,1182.449951
08-Apr-2010,1186.439941
09-Apr-2010,1194.369995
12-Apr-2010,1196.47998
13-Apr-2010,1197.300049
14-Apr-2010,1210.650024
15-Apr-2010,1211.670044
16-Apr-2010,1192.130005
19-Apr-2010,1197.52002
20-Apr-2010,1207.170044
21-Apr-2010,1205.939941
22-Apr-2010,1208.670044
23-Apr-2010,1217.280029
26-Apr-2010,1212.050049
27-Apr-2010,1183.709961
28-Apr-2010,1191.359985
29-Apr-2010,1206.780029
30-Apr-2010,1186.689941
03-May-2010,1202.26001
04-May-2010,1173.599976
05-May-2010,1165.869995
06-May-2010,1128.150024
07-May-2010,1110.880005
10-May-2010,1159.72998
11-May-2010,1155.790039
12-May-2010,1171.670044
13-May-2010,1157.439941
14-May-2010,1135.680054
17-May-2010,1136.939941
18-May-2010,1120.800049
19-May-2010,1115.050049
20-May-2010,1071.589966
21-May-2010,1087.689941
24-May-2010,1073.650024
25-May-2010,1074.030029
26-May-2010,1067.949951
27-May-2010,1103.060059
28-May-2010,1089.410034
01-Jun-2010,1070.709961
02-Jun-2010,1098.380005
03-Jun-2010,1102.829956
04-Jun-2010,1064.880005
07-Jun-2010,1050.469971
08-Jun-2010,1062
09-Jun-2010,1055.689941
10-Jun-2010,1086.839966
11-Jun-2010,1091.599976
14-Jun-2010,1089.630005
15-Jun-2010,1115.22998
16-Jun-2010,1114.609985
17-Jun-2010,1116.040039
18-Jun-2010,1117.51001
21-Jun-2010,1113.199951
22-Jun-2010,1095.310059
23-Jun-2010,1092.040039
24-Jun-2010,1073.689941
25-Jun-2010,1076.76001
28-Jun-2010,1074.569946
29-Jun-2010,1041.23999
30-Jun-2010,1030.709961
01-Jul-2010,1027.369995
02-Jul-2010,1022.580017
06-Jul-2010,1028.060059
07-Jul-2010,1060.27002
08-Jul-2010,1070.25
09-Jul-2010,1077.959961
12-Jul-2010,1078.75
13-Jul-2010,1095.339966
14-Jul-2010,1095.170044
15-Jul-2010,1096.47998
16-Jul-2010,1064.880005
19-Jul-2010,1071.25
20-Jul-2010,1083.47998
21-Jul-2010,1069.589966
22-Jul-2010,1093.670044
23-Jul-2010,1102.660034
26-Jul-2010,1115.01001
27-Jul-2010,1113.839966
28-Jul-2010,1106.130005
29-Jul-2010,1101.530029
30-Jul-2010,1101.599976
02-Aug-2010,1125.859985
03-Aug-2010,1120.459961
04-Aug-2010,1127.23999
05-Aug-2010,1125.810059
06-Aug-2010,1121.640015
09-Aug-2010,1127.790039
10-Aug-2010,1121.060059
11-Aug-2010,1089.469971
12-Aug-2010,1083.609985
13-Aug-2010,1079.25
16-Aug-2010,1079.380005
17-Aug-2010,1092.540039
18-Aug-2010,1094.160034
19-Aug-2010,1075.630005
20-Aug-2010,1071.689941
23-Aug-2010,1067.359985
24-Aug-2010,1051.869995
25-Aug-2010,1055.329956
26-Aug-2010,1047.219971
27-Aug-2010,1064.589966
30-Aug-2010,1048.920044
31-Aug-2010,1049.329956
01-Sep-2010,1080.290039
02-Sep-2010,1090.099976
03-Sep-2010,1104.51001
07-Sep-2010,1091.839966
08-Sep-2010,1098.869995
09-Sep-2010,1104.180054
10-Sep-2010,1109.550049
13-Sep-2010,1121.900024
14-Sep-2010,1121.099976
15-Sep-2010,1125.069946
16-Sep-2010,1124.660034
17-Sep-2010,1125.589966
20-Sep-2010,1142.709961
21-Sep-2010,1139.780029
22-Sep-2010,1134.280029
23-Sep-2010,1124.829956
24-Sep-2010,1148.670044
27-Sep-2010,1142.160034
28-Sep-2010,1147.699951
29-Sep-2010,1144.72998
30-Sep-2010,1141.199951
01-Oct-2010,1146.23999
04-Oct-2010,1137.030029
05-Oct-2010,1160.75
06-Oct-2010,1159.969971
07-Oct-2010,1158.060059
08-Oct-2010,1165.150024
11-Oct-2010,1165.319946
12-Oct-2010,1169.77002
13-Oct-2010,1178.099976
14-Oct-2010,1173.810059
15-Oct-2010,1176.189941
18-Oct-2010,1184.709961
19-Oct-2010,1165.900024
20-Oct-2010,1178.170044
21-Oct-2010,1180.26001
22-Oct-2010,1183.079956
25-Oct-2010,1185.619995
26-Oct-2010,1185.640015
27-Oct-2010,1182.449951
28-Oct-2010,1183.780029
29-Oct-2010,1183.26001
01-Nov-2010,1184.380005
02-Nov-2010,1193.569946
03-Nov-2010,1197.959961
04-Nov-2010,1221.060059
05-Nov-2010,1225.849976
08-Nov-2010,1223.25
09-Nov-2010,1213.400024
10-Nov-2010,1218.709961
11-Nov-2010,1213.540039
12-Nov-2010,1199.209961
15-Nov-2010,1197.75
16-Nov-2010,1178.339966
17-Nov-2010,1178.589966
18-Nov-2010,1196.689941
19-Nov-2010,1199.72998
22-Nov-2010,1197.839966
23-Nov-2010,1180.72998
24-Nov-2010,1198.349976
26-Nov-2010,1189.400024
29-Nov-2010,1187.76001
30-Nov-2010,1180.550049
01-Dec-2010,1206.069946
02-Dec-2010,1221.530029
03-Dec-2010,1224.709961
06-Dec-2010,1223.119995
07-Dec-2010,1223.75
08-Dec-2010,1228.280029
09-Dec-2010,1233
10-Dec-2010,1240.400024
13-Dec-2010,1240.459961
14-Dec-2010,1241.589966
15-Dec-2010,1235.22998
16-Dec-2010,1242.869995
17-Dec-2010,1243.910034
20-Dec-2010,1247.079956
21-Dec-2010,1254.599976
22-Dec-2010,1258.839966
23-Dec-2010,1256.77002
27-Dec-2010,1257.540039
28-Dec-2010,1258.51001
29-Dec-2010,1259.780029
30-Dec-2010,1257.880005
31-Dec-2010,1257.640015
